episode,reward
0,125.0
1,-25.0
2,-25.0
3,25.0
4,-75.0
5,25.0
6,-25.0
7,-75.0
8,-75.0
9,-75.0
10,-75.0
11,-25.0
12,25.0
13,-25.0
14,-75.0
15,-25.0
16,75.0
17,-75.0
18,-75.0
19,-25.0
20,25.0
21,-75.0
22,25.0
23,-75.0
24,175.0
25,175.0
26,-75.0
27,25.0
28,175.0
29,-25.0
30,-75.0
31,-75.0
32,25.0
33,-25.0
34,25.0
35,-75.0
36,-75.0
37,-75.0
38,175.0
39,-75.0
40,-75.0
41,25.0
42,-75.0
43,-75.0
44,25.0
45,-75.0
46,-25.0
47,75.0
48,-75.0
49,-75.0
50,-25.0
51,-25.0
52,-25.0
53,75.0
54,75.0
55,-25.0
56,-75.0
57,-75.0
58,-25.0
59,875.0
60,-75.0
61,-75.0
62,-75.0
63,125.0
64,-75.0
65,-75.0
66,-75.0
67,-75.0
68,25.0
69,-25.0
70,-75.0
71,-25.0
72,-25.0
73,-75.0
74,-25.0
75,75.0
76,-75.0
77,-25.0
78,25.0
79,-75.0
80,-25.0
81,-75.0
82,-25.0
83,-75.0
84,-75.0
85,-25.0
86,-75.0
87,-25.0
88,-25.0
89,-75.0
90,-75.0
91,-75.0
92,-75.0
93,-75.0
94,-25.0
95,-75.0
96,-25.0
97,-25.0
98,-75.0
99,-75.0
100,-75.0
101,-75.0
102,-25.0
103,-75.0
104,-75.0
105,-25.0
106,-25.0
107,-75.0
108,75.0
109,-25.0
110,25.0
111,-75.0
112,-75.0
113,-25.0
114,25.0
115,-25.0
116,-75.0
117,-25.0
118,-75.0
119,-25.0
120,-75.0
121,175.0
122,-75.0
123,-25.0
124,75.0
125,-75.0
126,-75.0
127,-75.0
128,75.0
129,-25.0
130,-75.0
131,-25.0
132,-25.0
133,-75.0
134,-75.0
135,-25.0
136,-75.0
137,-25.0
138,-75.0
139,75.0
140,-75.0
141,-25.0
142,-25.0
143,25.0
144,-25.0
145,-75.0
146,175.0
147,-25.0
148,-25.0
149,-75.0
150,-75.0
151,-25.0
152,-75.0
153,75.0
154,-75.0
155,25.0
156,-25.0
157,-75.0
158,-75.0
159,-75.0
160,-75.0
161,-25.0
162,25.0
163,75.0
164,-75.0
165,75.0
166,-75.0
167,-75.0
168,-75.0
169,-75.0
170,75.0
171,-75.0
172,-75.0
173,-75.0
174,-25.0
175,-75.0
176,-25.0
177,-75.0
178,75.0
179,-75.0
180,-75.0
181,-75.0
182,-25.0
183,-25.0
184,-75.0
185,-75.0
186,-25.0
187,-75.0
188,75.0
189,-75.0
190,-75.0
191,-25.0
192,25.0
193,-25.0
194,25.0
195,-25.0
196,-25.0
197,-75.0
198,175.0
199,-75.0
200,-25.0
201,-25.0
202,-75.0
203,-75.0
204,-75.0
205,-75.0
206,25.0
207,-75.0
208,25.0
209,25.0
210,-25.0
211,75.0
212,-75.0
213,-25.0
214,-75.0
215,75.0
216,-25.0
217,-75.0
218,-25.0
219,-75.0
220,-25.0
221,-75.0
222,25.0
223,-75.0
224,-75.0
225,-75.0
226,-25.0
227,-25.0
228,75.0
229,25.0
230,-75.0
231,-75.0
232,75.0
233,-25.0
234,-25.0
235,-75.0
236,-25.0
237,-25.0
238,175.0
239,175.0
240,-75.0
241,-25.0
242,-25.0
243,75.0
244,-75.0
245,125.0
246,-25.0
247,125.0
248,-75.0
249,-25.0
250,75.0
251,125.0
252,-75.0
253,-75.0
254,-75.0
255,-25.0
256,25.0
257,-75.0
258,-75.0
259,-75.0
260,-75.0
261,-25.0
262,25.0
263,175.0
264,-25.0
265,25.0
266,-25.0
267,-25.0
268,25.0
269,75.0
270,-25.0
271,-75.0
272,25.0
273,25.0
274,175.0
275,-25.0
276,-75.0
277,75.0
278,75.0
279,25.0
280,-25.0
281,175.0
282,25.0
283,-25.0
284,-25.0
285,75.0
286,125.0
287,-25.0
288,25.0
289,-25.0
290,25.0
291,-25.0
292,75.0
293,275.0
294,175.0
295,25.0
296,25.0
297,-75.0
298,-25.0
299,25.0
300,-75.0
301,-75.0
302,25.0
303,75.0
304,275.0
305,-75.0
306,25.0
307,-75.0
308,-25.0
309,75.0
310,-25.0
311,-75.0
312,-75.0
313,-75.0
314,-25.0
315,-75.0
316,25.0
317,125.0
318,-75.0
319,-25.0
320,-75.0
321,-25.0
322,-25.0
323,125.0
324,-75.0
325,175.0
326,-75.0
327,-75.0
328,-75.0
329,-75.0
330,-75.0
331,25.0
332,25.0
333,-75.0
334,25.0
335,125.0
336,-25.0
337,-25.0
338,-75.0
339,75.0
340,-25.0
341,275.0
342,25.0
343,-75.0
344,-75.0
345,-75.0
346,25.0
347,-75.0
348,125.0
349,-25.0
350,-75.0
351,-75.0
352,-25.0
353,475.0
354,175.0
355,-75.0
356,-25.0
357,-75.0
358,175.0
359,-75.0
360,-75.0
361,-25.0
362,-25.0
363,-75.0
364,-75.0
365,-25.0
366,25.0
367,-25.0
368,75.0
369,-75.0
370,-25.0
371,-75.0
372,175.0
373,-75.0
374,-25.0
375,-75.0
376,275.0
377,-75.0
378,-25.0
379,-75.0
380,-25.0
381,-25.0
382,75.0
383,-25.0
384,25.0
385,-75.0
386,-75.0
387,-75.0
388,-75.0
389,175.0
390,-25.0
391,25.0
392,25.0
393,25.0
394,-25.0
395,-75.0
396,-75.0
397,-75.0
398,475.0
399,-25.0
400,-75.0
401,-25.0
402,-25.0
403,-25.0
404,75.0
405,25.0
406,-25.0
407,75.0
408,-25.0
409,25.0
410,-25.0
411,-25.0
412,-25.0
413,-75.0
414,-25.0
415,-75.0
416,-75.0
417,375.0
418,25.0
419,75.0
420,-75.0
421,-75.0
422,-25.0
423,25.0
424,-25.0
425,-75.0
426,25.0
427,-75.0
428,-25.0
429,75.0
430,-75.0
431,475.0
432,-25.0
433,75.0
434,-25.0
435,175.0
436,-25.0
437,-75.0
438,-25.0
439,-75.0
440,-75.0
441,25.0
442,-75.0
443,25.0
444,-25.0
445,-75.0
446,25.0
447,125.0
448,275.0
449,-75.0
450,-75.0
451,-75.0
452,75.0
453,-25.0
454,75.0
455,475.0
456,25.0
457,125.0
458,275.0
459,-25.0
460,-75.0
461,-75.0
462,75.0
463,75.0
464,475.0
465,825.0
466,25.0
467,75.0
468,175.0
469,575.0
470,125.0
471,75.0
472,-75.0
473,175.0
474,375.0
475,25.0
476,-25.0
477,175.0
478,-25.0
479,75.0
480,-75.0
481,275.0
482,75.0
483,-25.0
484,1125.0
485,75.0
486,25.0
487,175.0
488,125.0
489,-75.0
490,-75.0
491,275.0
492,125.0
493,-25.0
494,475.0
495,-25.0
496,-75.0
497,-25.0
498,-25.0
499,-75.0
500,175.0
501,-75.0
502,175.0
503,-75.0
504,475.0
505,275.0
506,-75.0
507,-25.0
508,1075.0
509,25.0
510,175.0
511,175.0
512,-25.0
513,175.0
514,25.0
515,175.0
516,-75.0
517,175.0
518,175.0
519,25.0
520,175.0
521,275.0
522,-75.0
523,25.0
524,-75.0
525,-75.0
526,-25.0
527,875.0
528,25.0
529,675.0
530,25.0
531,25.0
532,25.0
533,125.0
534,-75.0
535,-75.0
536,125.0
537,125.0
538,25.0
539,-25.0
540,-25.0
541,25.0
542,25.0
543,175.0
544,25.0
545,475.0
546,275.0
547,675.0
548,175.0
549,-25.0
550,-75.0
551,275.0
552,25.0
553,-25.0
554,-75.0
555,25.0
556,-75.0
557,-75.0
558,125.0
559,75.0
560,-25.0
561,475.0
562,-25.0
563,-25.0
564,925.0
565,175.0
566,-25.0
567,-75.0
568,25.0
569,125.0
570,-75.0
571,175.0
572,-75.0
573,175.0
574,25.0
575,75.0
576,175.0
577,25.0
578,475.0
579,275.0
580,75.0
581,-75.0
582,75.0
583,1175.0
584,-25.0
585,25.0
586,25.0
587,75.0
588,475.0
589,75.0
590,-75.0
591,-25.0
592,75.0
593,-75.0
594,-75.0
595,75.0
596,25.0
597,175.0
598,75.0
599,-75.0
600,75.0
601,-75.0
602,1025.0
603,-25.0
604,175.0
605,675.0
606,-75.0
607,-25.0
608,375.0
609,-25.0
610,-75.0
611,-25.0
612,-25.0
613,-75.0
614,175.0
615,-75.0
616,575.0
617,25.0
618,-75.0
619,-75.0
620,1025.0
621,125.0
622,675.0
623,175.0
624,75.0
625,-75.0
626,125.0
627,125.0
628,825.0
629,175.0
630,-75.0
631,-25.0
632,375.0
633,-75.0
634,675.0
635,-75.0
636,-75.0
637,75.0
638,925.0
639,-25.0
640,275.0
641,25.0
642,-25.0
643,175.0
644,375.0
645,-75.0
646,175.0
647,275.0
648,75.0
649,25.0
650,-25.0
651,-75.0
652,125.0
653,75.0
654,75.0
655,75.0
656,-75.0
657,25.0
658,-75.0
659,-25.0
660,925.0
661,25.0
662,1175.0
663,-25.0
664,25.0
665,-25.0
666,975.0
667,-25.0
668,75.0
669,375.0
670,675.0
671,-75.0
672,125.0
673,75.0
674,575.0
675,-25.0
676,125.0
677,175.0
678,125.0
679,75.0
680,175.0
681,-25.0
682,-25.0
683,-75.0
684,-25.0
685,75.0
686,275.0
687,125.0
688,175.0
689,1375.0
690,675.0
691,-75.0
692,25.0
693,175.0
694,25.0
695,-75.0
696,25.0
697,875.0
698,-25.0
699,125.0
700,-25.0
701,-75.0
702,-25.0
703,175.0
704,475.0
705,-75.0
706,-25.0
707,475.0
708,475.0
709,125.0
710,75.0
711,-75.0
712,75.0
713,-75.0
714,25.0
715,875.0
716,25.0
717,25.0
718,275.0
719,-25.0
720,75.0
721,-75.0
722,175.0
723,175.0
724,175.0
725,25.0
726,25.0
727,-75.0
728,-75.0
729,75.0
730,-75.0
731,25.0
732,675.0
733,75.0
734,175.0
735,375.0
736,-25.0
737,-25.0
738,-25.0
739,-25.0
740,75.0
741,25.0
742,75.0
743,175.0
744,-25.0
745,1075.0
746,-75.0
747,-25.0
748,125.0
749,275.0
750,-25.0
751,25.0
752,275.0
753,175.0
754,25.0
755,-75.0
756,125.0
757,275.0
758,-25.0
759,-75.0
760,75.0
761,-25.0
762,75.0
763,-75.0
764,75.0
765,675.0
766,375.0
767,375.0
768,375.0
769,75.0
770,25.0
771,675.0
772,25.0
773,125.0
774,-25.0
775,1125.0
776,-75.0
777,275.0
778,-25.0
779,475.0
780,275.0
781,125.0
782,175.0
783,25.0
784,375.0
785,-25.0
786,-75.0
787,25.0
788,-75.0
789,-25.0
790,75.0
791,675.0
792,-75.0
793,-75.0
794,475.0
795,-75.0
796,175.0
797,-25.0
798,-75.0
799,75.0
800,-75.0
801,575.0
802,75.0
803,125.0
804,675.0
805,125.0
806,175.0
807,75.0
808,75.0
809,125.0
810,1025.0
811,25.0
812,175.0
813,-75.0
814,1525.0
815,175.0
816,175.0
817,75.0
818,125.0
819,375.0
820,-25.0
821,25.0
822,-25.0
823,-75.0
824,75.0
825,-75.0
826,275.0
827,25.0
828,-25.0
829,-25.0
830,175.0
831,175.0
832,75.0
833,-75.0
834,125.0
835,275.0
836,-75.0
837,-25.0
838,175.0
839,25.0
840,925.0
841,75.0
842,475.0
843,1075.0
844,-25.0
845,-75.0
846,25.0
847,175.0
848,175.0
849,25.0
850,275.0
851,25.0
852,275.0
853,125.0
854,-75.0
855,-75.0
856,125.0
857,175.0
858,25.0
859,75.0
860,475.0
861,125.0
862,-75.0
863,-75.0
864,-25.0
865,-75.0
866,-25.0
867,-75.0
868,-75.0
869,-25.0
870,125.0
871,25.0
872,-75.0
873,-75.0
874,75.0
875,175.0
876,-25.0
877,25.0
878,275.0
879,175.0
880,675.0
881,125.0
882,375.0
883,-25.0
884,175.0
885,25.0
886,875.0
887,475.0
888,25.0
889,675.0
890,175.0
891,75.0
892,125.0
893,-75.0
894,1025.0
895,-75.0
896,1075.0
897,175.0
898,-75.0
899,175.0
900,75.0
901,-75.0
902,925.0
903,975.0
904,-75.0
905,1025.0
906,-75.0
907,575.0
908,825.0
909,-25.0
910,175.0
911,825.0
912,125.0
913,-25.0
914,125.0
915,75.0
916,-25.0
917,75.0
918,25.0
919,25.0
920,275.0
921,675.0
922,-75.0
923,875.0
924,675.0
925,-75.0
926,-25.0
927,-75.0
928,-75.0
929,175.0
930,75.0
931,275.0
932,-75.0
933,75.0
934,125.0
935,-25.0
936,375.0
937,75.0
938,25.0
939,-25.0
940,125.0
941,-75.0
942,25.0
943,175.0
944,125.0
945,575.0
946,175.0
947,275.0
948,125.0
949,25.0
950,575.0
951,575.0
952,125.0
953,-25.0
954,75.0
955,-25.0
956,-75.0
957,175.0
958,-75.0
959,175.0
960,25.0
961,25.0
962,-75.0
963,475.0
964,125.0
965,-25.0
966,75.0
967,825.0
968,675.0
969,975.0
970,-25.0
971,875.0
972,675.0
973,175.0
974,175.0
975,-25.0
976,-75.0
977,75.0
978,375.0
979,75.0
980,-25.0
981,-75.0
982,25.0
983,-75.0
984,125.0
985,575.0
986,25.0
987,175.0
988,825.0
989,75.0
990,-25.0
991,125.0
992,75.0
993,-75.0
994,475.0
995,-25.0
996,975.0
997,-75.0
998,1025.0
999,75.0
1000,-25.0
1001,25.0
1002,125.0
1003,75.0
1004,-75.0
1005,-75.0
1006,575.0
1007,-75.0
1008,-75.0
1009,175.0
1010,-75.0
1011,275.0
1012,-75.0
1013,-25.0
1014,75.0
1015,825.0
1016,125.0
1017,25.0
1018,675.0
1019,-25.0
1020,-75.0
1021,125.0
1022,575.0
1023,-25.0
1024,125.0
1025,-25.0
1026,-25.0
1027,875.0
1028,375.0
1029,125.0
1030,75.0
1031,25.0
1032,25.0
1033,-75.0
1034,175.0
1035,-75.0
1036,375.0
1037,-25.0
1038,175.0
1039,175.0
1040,-75.0
1041,175.0
1042,-75.0
1043,275.0
1044,25.0
1045,-75.0
1046,25.0
1047,-25.0
1048,175.0
1049,25.0
1050,-25.0
1051,125.0
1052,75.0
1053,-75.0
1054,1025.0
1055,375.0
1056,-25.0
1057,25.0
1058,475.0
1059,275.0
1060,-25.0
1061,125.0
1062,-75.0
1063,375.0
1064,-25.0
1065,75.0
1066,575.0
1067,25.0
1068,275.0
1069,-75.0
1070,25.0
1071,-25.0
1072,1025.0
1073,25.0
1074,25.0
1075,125.0
1076,-75.0
1077,-75.0
1078,125.0
1079,175.0
1080,1425.0
1081,475.0
1082,25.0
1083,-75.0
1084,-25.0
1085,575.0
1086,75.0
1087,175.0
1088,125.0
1089,1025.0
1090,675.0
1091,125.0
1092,175.0
1093,-75.0
1094,-75.0
1095,25.0
1096,25.0
1097,-25.0
1098,375.0
1099,-75.0
1100,575.0
1101,125.0
1102,125.0
1103,-75.0
1104,25.0
1105,375.0
1106,125.0
1107,575.0
1108,175.0
1109,175.0
1110,175.0
1111,275.0
1112,75.0
1113,75.0
1114,1025.0
1115,125.0
1116,75.0
1117,825.0
1118,125.0
1119,-75.0
1120,-75.0
1121,75.0
1122,1025.0
1123,175.0
1124,75.0
1125,-75.0
1126,375.0
1127,25.0
1128,175.0
1129,825.0
1130,-75.0
1131,-25.0
1132,-75.0
1133,175.0
1134,-25.0
1135,-75.0
1136,75.0
1137,-25.0
1138,-75.0
1139,-75.0
1140,-75.0
1141,-75.0
1142,875.0
1143,275.0
1144,-75.0
1145,175.0
1146,175.0
1147,275.0
1148,25.0
1149,-25.0
1150,75.0
1151,25.0
1152,75.0
1153,475.0
1154,825.0
1155,125.0
1156,25.0
1157,125.0
1158,-25.0
1159,1125.0
1160,175.0
1161,25.0
1162,25.0
1163,-75.0
1164,875.0
1165,175.0
1166,175.0
1167,275.0
1168,75.0
1169,25.0
1170,25.0
1171,-75.0
1172,175.0
1173,475.0
1174,175.0
1175,475.0
1176,-75.0
1177,-75.0
1178,375.0
1179,925.0
1180,-25.0
1181,-75.0
1182,125.0
1183,25.0
1184,275.0
1185,275.0
1186,275.0
1187,-25.0
1188,1225.0
1189,-75.0
1190,75.0
1191,125.0
1192,1275.0
1193,675.0
1194,375.0
1195,475.0
1196,75.0
1197,275.0
1198,925.0
1199,175.0
1200,-25.0
1201,875.0
1202,25.0
1203,175.0
1204,-25.0
1205,-25.0
1206,125.0
1207,-75.0
1208,175.0
1209,-25.0
1210,925.0
1211,75.0
1212,-75.0
1213,75.0
1214,375.0
1215,975.0
1216,-25.0
1217,75.0
1218,475.0
1219,175.0
1220,75.0
1221,475.0
1222,75.0
1223,75.0
1224,-75.0
1225,75.0
1226,675.0
1227,1075.0
1228,475.0
1229,475.0
1230,125.0
1231,-75.0
1232,-75.0
1233,-75.0
1234,-75.0
1235,175.0
1236,125.0
1237,-75.0
1238,-75.0
1239,125.0
1240,75.0
1241,125.0
1242,-25.0
1243,25.0
1244,-75.0
1245,1075.0
1246,25.0
1247,-75.0
1248,125.0
1249,25.0
1250,-75.0
1251,575.0
1252,275.0
1253,375.0
1254,175.0
1255,-75.0
1256,175.0
1257,-25.0
1258,175.0
1259,-25.0
1260,-75.0
1261,-25.0
1262,825.0
1263,1175.0
1264,175.0
1265,-75.0
1266,175.0
1267,675.0
1268,975.0
1269,575.0
1270,175.0
1271,275.0
1272,-75.0
1273,25.0
1274,675.0
1275,75.0
1276,-25.0
1277,125.0
1278,-75.0
1279,-75.0
1280,175.0
1281,25.0
1282,1075.0
1283,25.0
1284,-25.0
1285,925.0
1286,825.0
1287,-25.0
1288,-25.0
1289,75.0
1290,-25.0
1291,875.0
1292,275.0
1293,275.0
1294,25.0
1295,375.0
1296,25.0
1297,-75.0
1298,125.0
1299,-75.0
1300,75.0
1301,1325.0
1302,-75.0
1303,1175.0
1304,825.0
1305,-75.0
1306,575.0
1307,25.0
1308,175.0
1309,-25.0
1310,875.0
1311,-25.0
1312,825.0
1313,-25.0
1314,-25.0
1315,25.0
1316,-75.0
1317,825.0
1318,175.0
1319,75.0
1320,25.0
1321,75.0
1322,25.0
1323,175.0
1324,1375.0
1325,25.0
1326,675.0
1327,-25.0
1328,125.0
1329,175.0
1330,125.0
1331,75.0
1332,875.0
1333,-75.0
1334,175.0
1335,-75.0
1336,175.0
1337,-75.0
1338,75.0
1339,-25.0
1340,875.0
1341,-75.0
1342,25.0
1343,25.0
1344,25.0
1345,-25.0
1346,-25.0
1347,25.0
1348,575.0
1349,175.0
1350,1425.0
1351,-75.0
1352,-75.0
1353,25.0
1354,275.0
1355,175.0
1356,-75.0
1357,275.0
1358,575.0
1359,25.0
1360,-75.0
1361,275.0
1362,25.0
1363,175.0
1364,-25.0
1365,-25.0
1366,25.0
1367,-75.0
1368,675.0
1369,175.0
1370,25.0
1371,-75.0
1372,275.0
1373,125.0
1374,175.0
1375,-75.0
1376,125.0
1377,175.0
1378,175.0
1379,-25.0
1380,25.0
1381,575.0
1382,175.0
1383,-75.0
1384,475.0
1385,125.0
1386,-25.0
1387,475.0
1388,-25.0
1389,175.0
1390,275.0
1391,25.0
1392,125.0
1393,25.0
1394,175.0
1395,25.0
1396,125.0
1397,75.0
1398,175.0
1399,475.0
1400,475.0
1401,25.0
1402,475.0
1403,-75.0
1404,25.0
1405,75.0
1406,125.0
1407,-25.0
1408,175.0
1409,-25.0
1410,475.0
1411,675.0
1412,75.0
1413,25.0
1414,1625.0
1415,75.0
1416,375.0
1417,-75.0
1418,825.0
1419,875.0
1420,-25.0
1421,275.0
1422,175.0
1423,-25.0
1424,1125.0
1425,-25.0
1426,1025.0
1427,275.0
1428,125.0
1429,275.0
1430,-25.0
1431,875.0
1432,75.0
1433,275.0
1434,175.0
1435,75.0
1436,675.0
1437,-75.0
1438,3475.0
1439,-75.0
1440,-75.0
1441,75.0
1442,75.0
1443,175.0
1444,175.0
1445,125.0
1446,-75.0
1447,175.0
1448,25.0
1449,1825.0
1450,475.0
1451,-75.0
1452,275.0
1453,475.0
1454,925.0
1455,1825.0
1456,-75.0
1457,-75.0
1458,125.0
1459,1075.0
1460,1175.0
1461,-75.0
1462,575.0
1463,-25.0
1464,675.0
1465,575.0
1466,1925.0
1467,75.0
1468,25.0
1469,-25.0
1470,-75.0
1471,1425.0
1472,-75.0
1473,25.0
1474,675.0
1475,75.0
1476,25.0
1477,575.0
1478,1625.0
1479,275.0
1480,275.0
1481,-25.0
1482,275.0
1483,375.0
1484,-75.0
1485,-25.0
1486,75.0
1487,575.0
1488,-25.0
1489,275.0
1490,1075.0
1491,-75.0
1492,125.0
1493,675.0
1494,175.0
1495,275.0
1496,975.0
1497,75.0
1498,-75.0
1499,-25.0
1500,275.0
1501,275.0
1502,-75.0
1503,575.0
1504,-25.0
1505,1025.0
1506,-75.0
1507,275.0
1508,675.0
1509,575.0
1510,-75.0
1511,25.0
1512,75.0
1513,275.0
1514,-75.0
1515,125.0
1516,75.0
1517,1525.0
1518,475.0
1519,25.0
1520,-75.0
1521,1075.0
1522,-75.0
1523,25.0
1524,1075.0
1525,175.0
1526,175.0
1527,925.0
1528,125.0
1529,175.0
1530,75.0
1531,75.0
1532,175.0
1533,125.0
1534,-75.0
1535,675.0
1536,275.0
1537,375.0
1538,875.0
1539,25.0
1540,-25.0
1541,175.0
1542,-75.0
1543,575.0
1544,2025.0
1545,-25.0
1546,75.0
1547,-25.0
1548,375.0
1549,175.0
1550,75.0
1551,475.0
1552,25.0
1553,125.0
1554,925.0
1555,125.0
1556,125.0
1557,-75.0
1558,375.0
1559,-75.0
1560,25.0
1561,675.0
1562,275.0
1563,375.0
1564,375.0
1565,175.0
1566,-25.0
1567,175.0
1568,-75.0
1569,125.0
1570,125.0
1571,-75.0
1572,75.0
1573,975.0
1574,125.0
1575,175.0
1576,1375.0
1577,175.0
1578,175.0
1579,175.0
1580,-75.0
1581,1275.0
1582,925.0
1583,125.0
1584,275.0
1585,675.0
1586,125.0
1587,75.0
1588,125.0
1589,475.0
1590,125.0
1591,825.0
1592,1275.0
1593,75.0
1594,25.0
1595,125.0
1596,75.0
1597,125.0
1598,1075.0
1599,25.0
1600,-75.0
1601,575.0
1602,125.0
1603,375.0
1604,575.0
1605,375.0
1606,275.0
1607,575.0
1608,25.0
1609,175.0
1610,275.0
1611,-25.0
1612,75.0
1613,75.0
1614,825.0
1615,125.0
1616,375.0
1617,925.0
1618,-25.0
1619,1425.0
1620,925.0
1621,25.0
1622,-75.0
1623,575.0
1624,75.0
1625,275.0
1626,175.0
1627,-25.0
1628,375.0
1629,475.0
1630,25.0
1631,175.0
1632,-75.0
1633,125.0
1634,25.0
1635,25.0
1636,25.0
1637,275.0
1638,375.0
1639,25.0
1640,-25.0
1641,375.0
1642,125.0
1643,-75.0
1644,275.0
1645,275.0
1646,125.0
1647,175.0
1648,-75.0
1649,75.0
1650,125.0
1651,825.0
1652,175.0
1653,475.0
1654,275.0
1655,-75.0
1656,25.0
1657,75.0
1658,575.0
1659,175.0
1660,75.0
1661,75.0
1662,975.0
1663,25.0
1664,75.0
1665,175.0
1666,25.0
1667,125.0
1668,75.0
1669,375.0
1670,175.0
1671,1025.0
1672,2025.0
1673,175.0
1674,175.0
1675,-25.0
1676,-25.0
1677,675.0
1678,-75.0
1679,-25.0
1680,-75.0
1681,475.0
1682,175.0
1683,1925.0
1684,75.0
1685,1025.0
1686,-75.0
1687,125.0
1688,825.0
1689,575.0
1690,25.0
1691,175.0
1692,1525.0
1693,575.0
1694,925.0
1695,-25.0
1696,175.0
1697,75.0
1698,75.0
1699,-25.0
1700,975.0
1701,175.0
1702,-75.0
1703,-75.0
1704,175.0
1705,-75.0
1706,875.0
1707,-75.0
1708,825.0
1709,675.0
1710,475.0
1711,575.0
1712,-75.0
1713,-25.0
1714,925.0
1715,675.0
1716,-75.0
1717,125.0
1718,125.0
1719,275.0
1720,25.0
1721,75.0
1722,125.0
1723,125.0
1724,175.0
1725,125.0
1726,75.0
1727,825.0
1728,25.0
1729,175.0
1730,375.0
1731,-75.0
1732,-75.0
1733,25.0
1734,375.0
1735,275.0
1736,1375.0
1737,25.0
1738,125.0
1739,75.0
1740,-75.0
1741,175.0
1742,1175.0
1743,25.0
1744,-25.0
1745,175.0
1746,-25.0
1747,125.0
1748,175.0
1749,-25.0
1750,-25.0
1751,25.0
1752,25.0
1753,-25.0
1754,1025.0
1755,475.0
1756,-25.0
1757,175.0
1758,175.0
1759,975.0
1760,825.0
1761,75.0
1762,175.0
1763,175.0
1764,-25.0
1765,1025.0
1766,1225.0
1767,175.0
1768,75.0
1769,175.0
1770,675.0
1771,-75.0
1772,975.0
1773,175.0
1774,-75.0
1775,175.0
1776,25.0
1777,175.0
1778,475.0
1779,125.0
1780,1025.0
1781,-75.0
1782,-75.0
1783,175.0
1784,975.0
1785,175.0
1786,-75.0
1787,1425.0
1788,-25.0
1789,675.0
1790,2275.0
1791,475.0
1792,275.0
1793,-25.0
1794,25.0
1795,25.0
1796,275.0
1797,175.0
1798,25.0
1799,1225.0
1800,-25.0
1801,25.0
1802,75.0
1803,175.0
1804,-25.0
1805,575.0
1806,175.0
1807,-25.0
1808,75.0
1809,-75.0
1810,1525.0
1811,25.0
1812,1125.0
1813,475.0
1814,-25.0
1815,-75.0
1816,675.0
1817,675.0
1818,75.0
1819,275.0
1820,25.0
1821,-75.0
1822,1725.0
1823,125.0
1824,25.0
1825,175.0
1826,-25.0
1827,1525.0
1828,575.0
1829,75.0
1830,275.0
1831,175.0
1832,25.0
1833,1475.0
1834,575.0
1835,-25.0
1836,275.0
1837,-25.0
1838,375.0
1839,375.0
1840,-25.0
1841,175.0
1842,275.0
1843,275.0
1844,175.0
1845,75.0
1846,975.0
1847,175.0
1848,175.0
1849,275.0
1850,-75.0
1851,375.0
1852,1025.0
1853,1325.0
1854,1225.0
1855,-25.0
1856,175.0
1857,1125.0
1858,575.0
1859,-25.0
1860,-75.0
1861,475.0
1862,1725.0
1863,-75.0
1864,-25.0
1865,175.0
1866,175.0
1867,75.0
1868,175.0
1869,125.0
1870,175.0
1871,875.0
1872,1825.0
1873,275.0
1874,475.0
1875,-75.0
1876,275.0
1877,1125.0
1878,1375.0
1879,925.0
1880,1125.0
1881,75.0
1882,-75.0
1883,175.0
1884,175.0
1885,2625.0
1886,175.0
1887,25.0
1888,975.0
1889,975.0
1890,125.0
1891,875.0
1892,125.0
1893,-75.0
1894,-75.0
1895,-25.0
1896,675.0
1897,925.0
1898,1075.0
1899,25.0
1900,175.0
1901,1225.0
1902,125.0
1903,1175.0
1904,175.0
1905,-25.0
1906,875.0
1907,25.0
1908,1175.0
1909,125.0
1910,75.0
1911,25.0
1912,-75.0
1913,25.0
1914,-75.0
1915,475.0
1916,25.0
1917,825.0
1918,25.0
1919,75.0
1920,375.0
1921,1525.0
1922,475.0
1923,-75.0
1924,375.0
1925,475.0
1926,75.0
1927,825.0
1928,1025.0
1929,825.0
1930,175.0
1931,-75.0
1932,275.0
1933,475.0
1934,125.0
1935,175.0
1936,175.0
1937,475.0
1938,1025.0
1939,575.0
1940,925.0
1941,125.0
1942,975.0
1943,125.0
1944,1525.0
1945,-25.0
1946,1425.0
1947,1025.0
1948,675.0
1949,25.0
1950,25.0
1951,-25.0
1952,125.0
1953,375.0
1954,375.0
1955,25.0
1956,-75.0
1957,25.0
1958,675.0
1959,575.0
1960,575.0
1961,75.0
1962,25.0
1963,175.0
1964,-25.0
1965,25.0
1966,-75.0
1967,-25.0
1968,125.0
1969,1625.0
1970,1175.0
1971,375.0
1972,-25.0
1973,575.0
1974,825.0
1975,25.0
1976,75.0
1977,-25.0
1978,175.0
1979,-75.0
1980,125.0
1981,175.0
1982,1075.0
1983,1325.0
1984,1225.0
1985,675.0
1986,575.0
1987,-75.0
1988,-75.0
1989,1475.0
1990,875.0
1991,1125.0
1992,1125.0
1993,1225.0
1994,-75.0
1995,175.0
1996,1425.0
1997,75.0
1998,925.0
1999,1125.0
2000,1525.0
2001,75.0
2002,475.0
2003,175.0
2004,-25.0
2005,575.0
2006,675.0
2007,75.0
2008,175.0
2009,1225.0
2010,25.0
2011,25.0
2012,475.0
2013,375.0
2014,25.0
2015,1525.0
2016,-25.0
2017,125.0
2018,25.0
2019,825.0
2020,-25.0
2021,125.0
2022,-25.0
2023,275.0
2024,75.0
2025,475.0
2026,25.0
2027,-75.0
2028,1325.0
2029,1125.0
2030,875.0
2031,175.0
2032,175.0
2033,675.0
2034,75.0
2035,-25.0
2036,375.0
2037,125.0
2038,375.0
2039,1525.0
2040,75.0
2041,475.0
2042,125.0
2043,1075.0
2044,25.0
2045,475.0
2046,-75.0
2047,1475.0
2048,925.0
2049,125.0
2050,825.0
2051,375.0
2052,575.0
2053,125.0
2054,1025.0
2055,275.0
2056,75.0
2057,-75.0
2058,3225.0
2059,-75.0
2060,125.0
2061,175.0
2062,75.0
2063,1525.0
2064,25.0
2065,2425.0
2066,75.0
2067,-25.0
2068,925.0
2069,1025.0
2070,-75.0
2071,175.0
2072,25.0
2073,1525.0
2074,175.0
2075,75.0
2076,125.0
2077,175.0
2078,25.0
2079,1025.0
2080,175.0
2081,25.0
2082,1025.0
2083,575.0
2084,1125.0
2085,2425.0
2086,125.0
2087,25.0
2088,175.0
2089,25.0
2090,125.0
2091,75.0
2092,-75.0
2093,975.0
2094,275.0
2095,25.0
2096,-75.0
2097,-25.0
2098,275.0
2099,-25.0
2100,1225.0
2101,25.0
2102,-75.0
2103,3575.0
2104,1025.0
2105,375.0
2106,75.0
2107,1375.0
2108,125.0
2109,1475.0
2110,-75.0
2111,925.0
2112,975.0
2113,825.0
2114,825.0
2115,125.0
2116,25.0
2117,575.0
2118,675.0
2119,375.0
2120,75.0
2121,475.0
2122,-25.0
2123,-25.0
2124,1725.0
2125,-75.0
2126,1125.0
2127,2425.0
2128,375.0
2129,25.0
2130,75.0
2131,75.0
2132,125.0
2133,925.0
2134,1125.0
2135,975.0
2136,125.0
2137,125.0
2138,175.0
2139,1175.0
2140,925.0
2141,1025.0
2142,275.0
2143,25.0
2144,575.0
2145,575.0
2146,75.0
2147,2425.0
2148,675.0
2149,25.0
2150,1175.0
2151,-25.0
2152,875.0
2153,4125.0
2154,675.0
2155,1175.0
2156,975.0
2157,275.0
2158,75.0
2159,1225.0
2160,1025.0
2161,1475.0
2162,175.0
2163,2625.0
2164,275.0
2165,75.0
2166,75.0
2167,25.0
2168,1275.0
2169,-75.0
2170,1825.0
2171,175.0
2172,825.0
2173,975.0
2174,-75.0
2175,175.0
2176,975.0
2177,1925.0
2178,-75.0
2179,75.0
2180,25.0
2181,175.0
2182,875.0
2183,475.0
2184,1475.0
2185,1275.0
2186,675.0
2187,175.0
2188,2725.0
2189,375.0
2190,375.0
2191,675.0
2192,25.0
2193,175.0
2194,1075.0
2195,1225.0
2196,1125.0
2197,-25.0
2198,-25.0
2199,75.0
2200,125.0
2201,175.0
2202,975.0
2203,275.0
2204,275.0
2205,175.0
2206,375.0
2207,-75.0
2208,825.0
2209,175.0
2210,1075.0
2211,1175.0
2212,75.0
2213,75.0
2214,175.0
2215,175.0
2216,275.0
2217,1525.0
2218,175.0
2219,1625.0
2220,25.0
2221,675.0
2222,25.0
2223,1075.0
2224,25.0
2225,175.0
2226,-75.0
2227,175.0
2228,25.0
2229,1225.0
2230,125.0
2231,25.0
2232,125.0
2233,675.0
2234,375.0
2235,-25.0
2236,-75.0
2237,375.0
2238,2025.0
2239,-75.0
2240,675.0
2241,25.0
2242,75.0
2243,1025.0
2244,975.0
2245,-75.0
2246,175.0
2247,1025.0
2248,975.0
2249,675.0
2250,25.0
2251,-75.0
2252,1025.0
2253,-25.0
2254,1825.0
2255,-25.0
2256,825.0
2257,175.0
2258,-25.0
2259,25.0
2260,475.0
2261,275.0
2262,-25.0
2263,925.0
2264,-75.0
2265,125.0
2266,125.0
2267,25.0
2268,1425.0
2269,275.0
2270,675.0
2271,25.0
2272,275.0
2273,75.0
2274,1125.0
2275,475.0
2276,675.0
2277,-75.0
2278,25.0
2279,125.0
2280,2225.0
2281,275.0
2282,175.0
2283,125.0
2284,475.0
2285,1325.0
2286,375.0
2287,925.0
2288,675.0
2289,275.0
2290,375.0
2291,175.0
2292,925.0
2293,875.0
2294,3175.0
2295,125.0
2296,825.0
2297,175.0
2298,25.0
2299,1475.0
2300,275.0
2301,1125.0
2302,275.0
2303,1125.0
2304,75.0
2305,275.0
2306,75.0
2307,475.0
2308,1025.0
2309,175.0
2310,475.0
2311,925.0
2312,125.0
2313,3125.0
2314,-25.0
2315,275.0
2316,575.0
2317,375.0
2318,3175.0
2319,1525.0
2320,175.0
2321,-75.0
2322,125.0
2323,1425.0
2324,-75.0
2325,1325.0
2326,-25.0
2327,2625.0
2328,125.0
2329,175.0
2330,-25.0
2331,275.0
2332,375.0
2333,375.0
2334,825.0
2335,825.0
2336,-75.0
2337,1825.0
2338,575.0
2339,1275.0
2340,2625.0
2341,1425.0
2342,-25.0
2343,-25.0
2344,575.0
2345,1125.0
2346,925.0
2347,75.0
2348,925.0
2349,675.0
2350,25.0
2351,3325.0
2352,175.0
2353,1475.0
2354,675.0
2355,875.0
2356,75.0
2357,175.0
2358,1025.0
2359,1225.0
2360,1225.0
2361,175.0
2362,-25.0
2363,275.0
2364,1075.0
2365,-25.0
2366,1525.0
2367,-75.0
2368,175.0
2369,25.0
2370,125.0
2371,-75.0
2372,125.0
2373,1175.0
2374,-25.0
2375,75.0
2376,175.0
2377,175.0
2378,75.0
2379,1525.0
2380,2225.0
2381,1425.0
2382,175.0
2383,-75.0
2384,4025.0
2385,75.0
2386,2275.0
2387,-25.0
2388,275.0
2389,2375.0
2390,3125.0
2391,-25.0
2392,275.0
2393,575.0
2394,2325.0
2395,3375.0
2396,75.0
2397,2925.0
2398,975.0
2399,1525.0
2400,25.0
2401,1325.0
2402,175.0
2403,1075.0
2404,1375.0
2405,1425.0
2406,-25.0
2407,-75.0
2408,-75.0
2409,175.0
2410,175.0
2411,875.0
2412,1125.0
2413,275.0
2414,75.0
2415,3175.0
2416,275.0
2417,75.0
2418,75.0
2419,75.0
2420,1075.0
2421,2275.0
2422,975.0
2423,275.0
2424,825.0
2425,75.0
2426,-75.0
2427,75.0
2428,75.0
2429,1525.0
2430,475.0
2431,575.0
2432,-75.0
2433,-75.0
2434,2525.0
2435,-25.0
2436,2225.0
2437,-75.0
2438,3775.0
2439,175.0
2440,875.0
2441,-75.0
2442,675.0
2443,-25.0
2444,875.0
2445,1025.0
2446,75.0
2447,75.0
2448,2175.0
2449,1275.0
2450,975.0
2451,-75.0
2452,-75.0
2453,475.0
2454,-25.0
2455,-75.0
2456,175.0
2457,25.0
2458,675.0
2459,2275.0
2460,2275.0
2461,175.0
2462,1225.0
2463,25.0
2464,-25.0
2465,-25.0
2466,-25.0
2467,1425.0
2468,3075.0
2469,75.0
2470,1525.0
2471,2175.0
2472,275.0
2473,275.0
2474,175.0
2475,175.0
2476,275.0
2477,875.0
2478,-75.0
2479,-25.0
2480,125.0
2481,175.0
2482,75.0
2483,475.0
2484,75.0
2485,-25.0
2486,975.0
2487,-25.0
2488,1075.0
2489,1475.0
2490,1325.0
2491,875.0
2492,675.0
2493,275.0
2494,175.0
2495,1425.0
2496,25.0
2497,25.0
2498,275.0
2499,-25.0
2500,25.0
2501,675.0
2502,475.0
2503,475.0
2504,3075.0
2505,25.0
2506,3725.0
2507,975.0
2508,175.0
2509,1525.0
2510,175.0
2511,975.0
2512,175.0
2513,975.0
2514,1925.0
2515,925.0
2516,1725.0
2517,1475.0
2518,175.0
2519,2625.0
2520,25.0
2521,75.0
2522,475.0
2523,375.0
2524,-25.0
2525,3425.0
2526,1925.0
2527,1175.0
2528,1425.0
2529,-25.0
2530,125.0
2531,125.0
2532,925.0
2533,-25.0
2534,375.0
2535,2925.0
2536,275.0
2537,3875.0
2538,-25.0
2539,175.0
2540,75.0
2541,575.0
2542,675.0
2543,-25.0
2544,1275.0
2545,475.0
2546,175.0
2547,825.0
2548,675.0
2549,1425.0
2550,2275.0
2551,25.0
2552,2925.0
2553,925.0
2554,75.0
2555,3325.0
2556,-75.0
2557,875.0
2558,125.0
2559,1825.0
2560,125.0
2561,375.0
2562,3175.0
2563,3575.0
2564,675.0
2565,825.0
2566,5425.0
2567,75.0
2568,475.0
2569,175.0
2570,875.0
2571,825.0
2572,25.0
2573,75.0
2574,-25.0
2575,75.0
2576,125.0
2577,675.0
2578,25.0
2579,1325.0
2580,575.0
2581,275.0
2582,25.0
2583,-75.0
2584,1275.0
2585,-75.0
2586,-75.0
2587,25.0
2588,-25.0
2589,375.0
2590,75.0
2591,1175.0
2592,1225.0
2593,175.0
2594,-75.0
2595,575.0
2596,125.0
2597,1025.0
2598,475.0
2599,-25.0
2600,175.0
2601,-75.0
2602,975.0
2603,275.0
2604,175.0
2605,875.0
2606,-25.0
2607,1725.0
2608,175.0
2609,125.0
2610,825.0
2611,-75.0
2612,-25.0
2613,1725.0
2614,2425.0
2615,575.0
2616,125.0
2617,3125.0
2618,3325.0
2619,1275.0
2620,1125.0
2621,25.0
2622,175.0
2623,575.0
2624,925.0
2625,475.0
2626,175.0
2627,1325.0
2628,1625.0
2629,1225.0
2630,175.0
2631,1225.0
2632,1275.0
2633,175.0
2634,2425.0
2635,-25.0
2636,1475.0
2637,-75.0
2638,1225.0
2639,-75.0
2640,2275.0
2641,1275.0
2642,175.0
2643,175.0
2644,475.0
2645,125.0
2646,2175.0
2647,75.0
2648,975.0
2649,2625.0
2650,175.0
2651,825.0
2652,75.0
2653,1275.0
2654,1925.0
2655,-75.0
2656,-25.0
2657,3275.0
2658,1475.0
2659,-25.0
2660,475.0
2661,2225.0
2662,-75.0
2663,3175.0
2664,-75.0
2665,475.0
2666,1525.0
2667,375.0
2668,1025.0
2669,475.0
2670,4325.0
2671,-25.0
2672,575.0
2673,175.0
2674,2325.0
2675,175.0
2676,175.0
2677,75.0
2678,3125.0
2679,1125.0
2680,2175.0
2681,1125.0
2682,1925.0
2683,-75.0
2684,5275.0
2685,1525.0
2686,175.0
2687,125.0
2688,25.0
2689,4675.0
2690,675.0
2691,1175.0
2692,175.0
2693,3125.0
2694,2525.0
2695,375.0
2696,875.0
2697,175.0
2698,875.0
2699,125.0
2700,2325.0
2701,675.0
2702,875.0
2703,2225.0
2704,175.0
2705,2025.0
2706,25.0
2707,875.0
2708,2225.0
2709,175.0
2710,925.0
2711,175.0
2712,875.0
2713,75.0
2714,25.0
2715,825.0
2716,475.0
2717,25.0
2718,375.0
2719,1475.0
2720,1075.0
2721,75.0
2722,975.0
2723,-25.0
2724,-75.0
2725,-75.0
2726,75.0
2727,175.0
2728,25.0
2729,3525.0
2730,375.0
2731,1075.0
2732,2375.0
2733,25.0
2734,25.0
2735,1725.0
2736,25.0
2737,1075.0
2738,2525.0
2739,2275.0
2740,75.0
2741,575.0
2742,2375.0
2743,125.0
2744,1075.0
2745,25.0
2746,1025.0
2747,1325.0
2748,-75.0
2749,25.0
2750,375.0
2751,125.0
2752,275.0
2753,175.0
2754,3275.0
2755,1525.0
2756,3575.0
2757,2175.0
2758,3325.0
2759,4175.0
2760,1325.0
2761,1175.0
2762,25.0
2763,2425.0
2764,1525.0
2765,2725.0
2766,-75.0
2767,2375.0
2768,1275.0
2769,275.0
2770,-75.0
2771,3525.0
2772,1525.0
2773,475.0
2774,2025.0
2775,475.0
2776,1925.0
2777,1475.0
2778,75.0
2779,-25.0
2780,875.0
2781,175.0
2782,275.0
2783,-75.0
2784,-75.0
2785,275.0
2786,1075.0
2787,-75.0
2788,25.0
2789,375.0
2790,925.0
2791,-75.0
2792,175.0
2793,3675.0
2794,175.0
2795,2175.0
2796,1125.0
2797,1525.0
2798,2175.0
2799,75.0
2800,375.0
2801,175.0
2802,-75.0
2803,125.0
2804,675.0
2805,1525.0
2806,925.0
2807,3075.0
2808,1175.0
2809,1175.0
2810,275.0
2811,25.0
2812,4175.0
2813,375.0
2814,2825.0
2815,75.0
2816,275.0
2817,1175.0
2818,175.0
2819,1175.0
2820,375.0
2821,2375.0
2822,-75.0
2823,1475.0
2824,1825.0
2825,1525.0
2826,925.0
2827,375.0
2828,-75.0
2829,975.0
2830,2025.0
2831,2625.0
2832,3175.0
2833,825.0
2834,2025.0
2835,175.0
2836,175.0
2837,825.0
2838,4175.0
2839,175.0
2840,975.0
2841,1275.0
2842,825.0
2843,925.0
2844,275.0
2845,-25.0
2846,25.0
2847,1425.0
2848,175.0
2849,3375.0
2850,2025.0
2851,2525.0
2852,1125.0
2853,975.0
2854,575.0
2855,675.0
2856,-75.0
2857,175.0
2858,475.0
2859,1125.0
2860,3275.0
2861,-25.0
2862,1625.0
2863,2225.0
2864,1025.0
2865,675.0
2866,825.0
2867,1325.0
2868,825.0
2869,1225.0
2870,1275.0
2871,1225.0
2872,2825.0
2873,1475.0
2874,-75.0
2875,475.0
2876,9375.0
2877,275.0
2878,1275.0
2879,2225.0
2880,1725.0
2881,175.0
2882,2525.0
2883,1825.0
2884,1175.0
2885,25.0
2886,1125.0
2887,275.0
2888,375.0
2889,1025.0
2890,275.0
2891,1175.0
2892,825.0
2893,75.0
2894,175.0
2895,7125.0
2896,3325.0
2897,2925.0
2898,1925.0
2899,975.0
2900,375.0
2901,2325.0
2902,-25.0
2903,3775.0
2904,175.0
2905,-75.0
2906,575.0
2907,2175.0
2908,4375.0
2909,2625.0
2910,2825.0
2911,1025.0
2912,1025.0
2913,575.0
2914,875.0
2915,1625.0
2916,1225.0
2917,275.0
2918,925.0
2919,1725.0
2920,275.0
2921,5775.0
2922,375.0
2923,2425.0
2924,675.0
2925,4025.0
2926,1025.0
2927,-25.0
2928,2025.0
2929,575.0
2930,1175.0
2931,275.0
2932,2275.0
2933,675.0
2934,175.0
2935,-25.0
2936,1225.0
2937,175.0
2938,3375.0
2939,3075.0
2940,875.0
2941,2425.0
2942,475.0
2943,3325.0
2944,2725.0
2945,1375.0
2946,-75.0
2947,3525.0
2948,125.0
2949,75.0
2950,475.0
2951,25.0
2952,2025.0
2953,125.0
2954,1125.0
2955,-75.0
2956,3475.0
2957,175.0
2958,175.0
2959,575.0
2960,1425.0
2961,275.0
2962,125.0
2963,975.0
2964,2925.0
2965,1225.0
2966,175.0
2967,125.0
2968,25.0
2969,7625.0
2970,3625.0
2971,1025.0
2972,1275.0
2973,175.0
2974,475.0
2975,125.0
2976,25.0
2977,175.0
2978,25.0
2979,3225.0
2980,1025.0
2981,1825.0
2982,1925.0
2983,75.0
2984,275.0
2985,975.0
2986,175.0
2987,175.0
2988,925.0
2989,1125.0
2990,4325.0
2991,25.0
2992,1825.0
2993,2425.0
2994,3225.0
2995,1025.0
2996,1925.0
2997,-25.0
2998,25.0
2999,25.0
3000,1025.0
3001,25.0
3002,3275.0
3003,-75.0
3004,-25.0
3005,2425.0
3006,975.0
3007,1475.0
3008,575.0
3009,25.0
3010,925.0
3011,-75.0
3012,1125.0
3013,375.0
3014,1825.0
3015,25.0
3016,475.0
3017,3175.0
3018,1125.0
3019,-75.0
3020,3625.0
3021,575.0
3022,2425.0
3023,575.0
3024,275.0
3025,1625.0
3026,75.0
3027,25.0
3028,-75.0
3029,3975.0
3030,925.0
3031,-75.0
3032,5275.0
3033,75.0
3034,175.0
3035,1275.0
3036,-25.0
3037,1275.0
3038,2225.0
3039,2425.0
3040,1225.0
3041,375.0
3042,1625.0
3043,3175.0
3044,2925.0
3045,1475.0
3046,925.0
3047,1625.0
3048,-25.0
3049,275.0
3050,175.0
3051,2225.0
3052,375.0
3053,75.0
3054,25.0
3055,3875.0
3056,275.0
3057,1525.0
3058,25.0
3059,3375.0
3060,125.0
3061,1825.0
3062,475.0
3063,125.0
3064,575.0
3065,25.0
3066,25.0
3067,375.0
3068,1925.0
3069,825.0
3070,2925.0
3071,825.0
3072,3225.0
3073,3325.0
3074,2225.0
3075,1625.0
3076,1425.0
3077,975.0
3078,3775.0
3079,175.0
3080,3625.0
3081,1525.0
3082,75.0
3083,125.0
3084,175.0
3085,175.0
3086,1125.0
3087,75.0
3088,1725.0
3089,675.0
3090,1525.0
3091,1375.0
3092,-25.0
3093,1225.0
3094,175.0
3095,1925.0
3096,125.0
3097,2525.0
3098,1425.0
3099,175.0
3100,1475.0
3101,-75.0
3102,3125.0
3103,3175.0
3104,925.0
3105,2625.0
3106,675.0
3107,5575.0
3108,1425.0
3109,825.0
3110,1325.0
3111,1025.0
3112,175.0
3113,1825.0
3114,1175.0
3115,75.0
3116,-75.0
3117,1325.0
3118,1825.0
3119,1525.0
3120,2275.0
3121,375.0
3122,2275.0
3123,1525.0
3124,1175.0
3125,-75.0
3126,875.0
3127,-25.0
3128,3175.0
3129,-25.0
3130,1825.0
3131,2175.0
3132,4425.0
3133,375.0
3134,75.0
3135,3525.0
3136,2625.0
3137,2375.0
3138,125.0
3139,675.0
3140,575.0
3141,5425.0
3142,1625.0
3143,2525.0
3144,1375.0
3145,175.0
3146,4225.0
3147,1425.0
3148,1225.0
3149,3475.0
3150,975.0
3151,175.0
3152,275.0
3153,175.0
3154,6275.0
3155,575.0
3156,1125.0
3157,175.0
3158,25.0
3159,175.0
3160,575.0
3161,2025.0
3162,2225.0
3163,4075.0
3164,-25.0
3165,2425.0
3166,1125.0
3167,1075.0
3168,3475.0
3169,175.0
3170,5075.0
3171,1625.0
3172,1275.0
3173,1175.0
3174,375.0
3175,275.0
3176,125.0
3177,75.0
3178,3075.0
3179,1075.0
3180,175.0
3181,3225.0
3182,-75.0
3183,1475.0
3184,1175.0
3185,275.0
3186,1275.0
3187,175.0
3188,5275.0
3189,1125.0
3190,1175.0
3191,675.0
3192,2375.0
3193,175.0
3194,975.0
3195,25.0
3196,7975.0
3197,3575.0
3198,575.0
3199,3175.0
3200,2725.0
3201,1525.0
3202,4275.0
3203,1275.0
3204,1025.0
3205,-25.0
3206,-75.0
3207,1475.0
3208,575.0
3209,125.0
3210,975.0
3211,275.0
3212,275.0
3213,2025.0
3214,475.0
3215,6925.0
3216,3125.0
3217,1475.0
3218,2925.0
3219,25.0
3220,1325.0
3221,2175.0
3222,-25.0
3223,2825.0
3224,1375.0
3225,5675.0
3226,75.0
3227,4975.0
3228,3675.0
3229,3375.0
3230,2025.0
3231,175.0
3232,3075.0
3233,25.0
3234,375.0
3235,475.0
3236,75.0
3237,1125.0
3238,1525.0
3239,1225.0
3240,575.0
3241,1275.0
3242,2925.0
3243,2025.0
3244,1225.0
3245,3675.0
3246,3475.0
3247,1825.0
3248,25.0
3249,3725.0
3250,75.0
3251,825.0
3252,1025.0
3253,175.0
3254,2625.0
3255,3325.0
3256,2825.0
3257,275.0
3258,75.0
3259,675.0
3260,3675.0
3261,825.0
3262,1525.0
3263,3725.0
3264,1425.0
3265,1425.0
3266,175.0
3267,5025.0
3268,5325.0
3269,1225.0
3270,5525.0
3271,875.0
3272,1375.0
3273,4075.0
3274,2525.0
3275,3225.0
3276,25.0
3277,125.0
3278,1025.0
3279,1275.0
3280,2275.0
3281,2275.0
3282,825.0
3283,2425.0
3284,125.0
3285,375.0
3286,1475.0
3287,175.0
3288,2525.0
3289,1525.0
3290,1125.0
3291,-25.0
3292,275.0
3293,-75.0
3294,-25.0
3295,3475.0
3296,125.0
3297,-75.0
3298,2425.0
3299,3075.0
3300,1125.0
3301,125.0
3302,175.0
3303,1075.0
3304,675.0
3305,1525.0
3306,175.0
3307,1525.0
3308,75.0
3309,3925.0
3310,3325.0
3311,125.0
3312,1525.0
3313,475.0
3314,7725.0
3315,3675.0
3316,-75.0
3317,6275.0
3318,975.0
3319,13725.0
3320,2275.0
3321,1625.0
3322,-75.0
3323,-75.0
3324,2375.0
3325,75.0
3326,2925.0
3327,1025.0
3328,175.0
3329,575.0
3330,675.0
3331,1375.0
3332,1475.0
3333,175.0
3334,125.0
3335,2525.0
3336,5775.0
3337,3325.0
3338,-25.0
3339,3575.0
3340,1375.0
3341,1725.0
3342,1375.0
3343,675.0
3344,975.0
3345,875.0
3346,2375.0
3347,275.0
3348,4375.0
3349,25.0
3350,3525.0
3351,175.0
3352,675.0
3353,75.0
3354,1025.0
3355,1125.0
3356,475.0
3357,875.0
3358,2275.0
3359,5125.0
3360,5775.0
3361,-25.0
3362,2425.0
3363,4225.0
3364,5575.0
3365,3475.0
3366,-75.0
3367,1525.0
3368,1375.0
3369,675.0
3370,75.0
3371,1425.0
3372,3425.0
3373,125.0
3374,7325.0
3375,2725.0
3376,6375.0
3377,925.0
3378,-75.0
3379,125.0
3380,175.0
3381,675.0
3382,1375.0
3383,1425.0
3384,875.0
3385,10575.0
3386,3475.0
3387,475.0
3388,4925.0
3389,1175.0
3390,5575.0
3391,825.0
3392,1725.0
3393,2525.0
3394,1075.0
3395,1475.0
3396,1525.0
3397,1625.0
3398,2725.0
3399,1475.0
3400,-75.0
3401,575.0
3402,1175.0
3403,75.0
3404,1425.0
3405,575.0
3406,2625.0
3407,1025.0
3408,1475.0
3409,2025.0
3410,6075.0
3411,1625.0
3412,7525.0
3413,3675.0
3414,1225.0
3415,925.0
3416,2525.0
3417,575.0
3418,3775.0
3419,4625.0
3420,2225.0
3421,-75.0
3422,4575.0
3423,1425.0
3424,825.0
3425,375.0
3426,1325.0
3427,-75.0
3428,2425.0
3429,11225.0
3430,1625.0
3431,475.0
3432,6775.0
3433,3325.0
3434,1525.0
3435,2175.0
3436,4725.0
3437,-75.0
3438,2225.0
3439,3375.0
3440,1125.0
3441,475.0
3442,875.0
3443,475.0
3444,575.0
3445,1175.0
3446,1525.0
3447,4075.0
3448,2725.0
3449,3875.0
3450,7925.0
3451,175.0
3452,5075.0
3453,6675.0
3454,-75.0
3455,2225.0
3456,575.0
3457,275.0
3458,5325.0
3459,7625.0
3460,1275.0
3461,2275.0
3462,1125.0
3463,10275.0
3464,25.0
3465,5225.0
3466,4375.0
3467,1125.0
3468,825.0
3469,475.0
3470,2425.0
3471,3825.0
3472,75.0
3473,4025.0
3474,1375.0
3475,9675.0
3476,4225.0
3477,3525.0
3478,1625.0
3479,3325.0
3480,3675.0
3481,3775.0
3482,475.0
3483,2325.0
3484,125.0
3485,-75.0
3486,-75.0
3487,2725.0
3488,1325.0
3489,1725.0
3490,1225.0
3491,1825.0
3492,4825.0
3493,975.0
3494,7875.0
3495,2175.0
3496,5275.0
3497,575.0
3498,3825.0
3499,1075.0
3500,1925.0
3501,1825.0
3502,9975.0
3503,3225.0
3504,3725.0
3505,2025.0
3506,3925.0
3507,125.0
3508,5275.0
3509,2225.0
3510,5575.0
3511,6725.0
3512,1825.0
3513,10625.0
3514,75.0
3515,3075.0
3516,-25.0
3517,4475.0
3518,1325.0
3519,8175.0
3520,7975.0
3521,3325.0
3522,3775.0
3523,3175.0
3524,475.0
3525,1825.0
3526,4875.0
3527,1275.0
3528,1075.0
3529,75.0
3530,25.0
3531,3575.0
3532,1925.0
3533,11575.0
3534,3725.0
3535,3275.0
3536,7875.0
3537,975.0
3538,375.0
3539,3375.0
3540,3725.0
3541,1325.0
3542,3875.0
3543,4525.0
3544,-75.0
3545,9675.0
3546,4425.0
3547,3075.0
3548,675.0
3549,925.0
3550,2425.0
3551,13025.0
3552,575.0
3553,4375.0
3554,4175.0
3555,4225.0
3556,1125.0
3557,4825.0
3558,375.0
3559,1125.0
3560,3325.0
3561,1525.0
3562,675.0
3563,1625.0
3564,5425.0
3565,75.0
3566,4275.0
3567,4875.0
3568,925.0
3569,4475.0
3570,-75.0
3571,175.0
3572,2025.0
3573,1425.0
3574,1525.0
3575,1175.0
3576,-25.0
3577,1375.0
3578,1275.0
3579,175.0
3580,5225.0
3581,7975.0
3582,-75.0
3583,175.0
3584,5175.0
3585,2275.0
3586,19675.0
3587,1725.0
3588,6675.0
3589,3625.0
3590,575.0
3591,2525.0
3592,925.0
3593,925.0
3594,5025.0
3595,3775.0
3596,10325.0
3597,1175.0
3598,3075.0
3599,9725.0
3600,975.0
3601,9275.0
3602,3925.0
3603,925.0
3604,3725.0
3605,2425.0
3606,575.0
3607,3775.0
3608,5575.0
3609,3475.0
3610,13125.0
3611,7975.0
3612,375.0
3613,4125.0
3614,1325.0
3615,5475.0
3616,-25.0
3617,1025.0
3618,6275.0
3619,1525.0
3620,175.0
3621,1275.0
3622,1525.0
3623,9975.0
3624,-75.0
3625,175.0
3626,1825.0
3627,2725.0
3628,175.0
3629,1275.0
3630,5175.0
3631,4225.0
3632,175.0
3633,8675.0
3634,575.0
3635,7325.0
3636,875.0
3637,6525.0
3638,10725.0
3639,1275.0
3640,9825.0
3641,1275.0
3642,275.0
3643,-25.0
3644,3325.0
3645,475.0
3646,7425.0
3647,2625.0
3648,1425.0
3649,14925.0
3650,12325.0
3651,4675.0
3652,11675.0
3653,25.0
3654,5175.0
3655,4975.0
3656,-25.0
3657,1225.0
3658,3175.0
3659,2325.0
3660,5975.0
3661,175.0
3662,1025.0
3663,6325.0
3664,4725.0
3665,4225.0
3666,12675.0
3667,975.0
3668,2375.0
3669,-75.0
3670,5225.0
3671,4575.0
3672,6075.0
3673,1525.0
3674,12925.0
3675,3975.0
3676,7375.0
3677,1325.0
3678,175.0
3679,4725.0
3680,3425.0
3681,4125.0
3682,825.0
3683,3525.0
3684,5075.0
3685,1825.0
3686,4775.0
3687,2225.0
3688,2175.0
3689,3325.0
3690,8525.0
3691,13025.0
3692,12475.0
3693,5875.0
3694,1525.0
3695,125.0
3696,14875.0
3697,575.0
3698,21175.0
3699,1625.0
3700,5125.0
3701,7725.0
3702,1325.0
3703,11375.0
3704,33325.0
3705,3575.0
3706,5425.0
3707,3325.0
3708,125.0
3709,3675.0
3710,12475.0
3711,4275.0
3712,17825.0
3713,14475.0
3714,1125.0
3715,10175.0
3716,10625.0
3717,2375.0
3718,4675.0
3719,10225.0
3720,7075.0
3721,3425.0
3722,3075.0
3723,12325.0
3724,5425.0
3725,175.0
3726,3525.0
3727,28125.0
3728,1025.0
3729,3575.0
3730,875.0
3731,1075.0
3732,1325.0
3733,125.0
3734,4975.0
3735,7275.0
3736,6075.0
3737,8775.0
3738,4125.0
3739,925.0
3740,175.0
3741,6725.0
3742,10275.0
3743,1175.0
3744,575.0
3745,3575.0
3746,16625.0
3747,4575.0
3748,4075.0
3749,12975.0
3750,1725.0
3751,11275.0
3752,15025.0
3753,3175.0
3754,29775.0
3755,675.0
3756,14925.0
3757,7525.0
3758,20425.0
3759,1375.0
3760,7975.0
3761,275.0
3762,4375.0
3763,9275.0
3764,4375.0
3765,3125.0
3766,1075.0
3767,1025.0
3768,15325.0
3769,1725.0
3770,5575.0
3771,4575.0
3772,1925.0
3773,2175.0
3774,1825.0
3775,3575.0
3776,3725.0
3777,825.0
3778,6875.0
3779,4425.0
3780,29475.0
3781,6875.0
3782,9525.0
3783,25075.0
3784,1075.0
3785,6375.0
3786,3925.0
3787,6275.0
3788,925.0
3789,1375.0
3790,9625.0
3791,1825.0
3792,7075.0
3793,5975.0
3794,9925.0
3795,3525.0
3796,2275.0
3797,2025.0
3798,12675.0
3799,5675.0
3800,13925.0
3801,12575.0
3802,175.0
3803,9675.0
3804,22125.0
3805,7975.0
3806,4025.0
3807,11525.0
3808,11175.0
3809,3175.0
3810,19875.0
3811,24375.0
3812,43825.0
3813,7225.0
3814,8325.0
3815,4675.0
3816,6775.0
3817,3775.0
3818,11125.0
3819,6725.0
3820,3625.0
3821,12875.0
3822,48575.0
3823,12425.0
3824,5525.0
3825,2325.0
3826,1175.0
3827,8175.0
3828,10175.0
3829,1625.0
3830,5475.0
3831,125.0
3832,3525.0
3833,2375.0
3834,21325.0
3835,11025.0
3836,25375.0
3837,6375.0
3838,175.0
3839,17275.0
3840,13125.0
3841,975.0
3842,24125.0
3843,28625.0
3844,2175.0
3845,11675.0
3846,9775.0
3847,4075.0
3848,11275.0
3849,6975.0
3850,30625.0
3851,3625.0
3852,25425.0
3853,-25.0
3854,48225.0
3855,16475.0
3856,45775.0
3857,16625.0
3858,1225.0
3859,1925.0
3860,1525.0
3861,825.0
3862,7725.0
3863,1525.0
3864,44775.0
3865,18375.0
3866,6425.0
3867,7175.0
3868,21375.0
3869,7475.0
3870,6675.0
3871,15975.0
3872,1275.0
3873,11975.0
3874,3275.0
3875,4575.0
3876,4825.0
3877,7375.0
3878,16375.0
3879,2175.0
3880,21575.0
3881,1925.0
3882,16325.0
3883,26125.0
3884,6275.0
3885,2225.0
3886,8625.0
3887,6425.0
3888,35575.0
3889,2025.0
3890,7125.0
3891,24525.0
3892,3225.0
3893,64975.0
3894,20275.0
3895,31025.0
3896,8075.0
3897,6425.0
3898,34925.0
3899,35875.0
3900,62225.0
3901,7425.0
3902,18075.0
3903,18475.0
3904,14375.0
3905,19575.0
3906,26875.0
3907,23075.0
3908,19775.0
3909,24475.0
3910,45375.0
3911,5225.0
3912,95475.0
3913,28475.0
3914,29975.0
3915,97825.0
3916,32575.0
3917,7725.0
3918,11575.0
3919,25425.0
3920,9825.0
3921,9775.0
3922,47625.0
3923,104375.0
3924,25525.0
3925,4075.0
3926,26425.0
3927,52125.0
3928,95225.0
3929,10825.0
3930,6525.0
3931,28925.0
3932,9325.0
3933,5875.0
3934,86375.0
3935,36875.0
3936,24125.0
3937,49475.0
3938,136175.0
3939,80325.0
3940,35175.0
3941,20175.0
3942,17075.0
3943,54625.0
3944,48175.0
3945,70875.0
3946,24125.0
3947,28975.0
3948,875.0
3949,90075.0
3950,13375.0
3951,187275.0
3952,260350.0
3953,145675.0
3954,8175.0
3955,64725.0
3956,10675.0
3957,3475.0
3958,88425.0
3959,81925.0
3960,200025.0
3961,28575.0
3962,1475.0
3963,121625.0
3964,38225.0
3965,112575.0
3966,72725.0
3967,260350.0
3968,170525.0
3969,260350.0
3970,181925.0
3971,260350.0
3972,134675.0
3973,57075.0
3974,260350.0
3975,126125.0
3976,243275.0
3977,260350.0
3978,260350.0
3979,35625.0
3980,20575.0
3981,93625.0
3982,226925.0
3983,260350.0
3984,103275.0
3985,79975.0
3986,67675.0
3987,260350.0
3988,203525.0
3989,260350.0
3990,24725.0
3991,6275.0
3992,24375.0
3993,260350.0
3994,260350.0
3995,29675.0
3996,208025.0
3997,137325.0
3998,260350.0
3999,260350.0
4000,260350.0
4001,260350.0
4002,260350.0
4003,260350.0
4004,10525.0
4005,137825.0
4006,177125.0
4007,10525.0
4008,260350.0
4009,260350.0
4010,260350.0
4011,260350.0
