#{"t_start": 1788105490.7061744, "env_id": "None"}
r,l,t
125.0,5,2.764877
-25.0,2,2.770705
-25.0,2,2.776388
25.0,3,2.784654
-75.0,1,2.787746
25.0,3,2.7961
-25.0,2,2.801907
-75.0,1,2.80501
-75.0,1,2.808268
-75.0,1,2.811271
-75.0,1,2.815281
-25.0,2,2.825734
25.0,3,2.840178
-25.0,2,2.846714
-75.0,1,2.849576
-25.0,2,2.855031
75.0,4,2.865414
-75.0,1,2.868127
-75.0,1,2.870703
-25.0,2,2.875923
25.0,3,2.88402
-75.0,1,2.886771
25.0,3,2.893898
-75.0,1,2.896465
175.0,6,2.911728
175.0,6,2.926684
-75.0,1,2.929429
25.0,3,2.937011
175.0,7,2.954214
-25.0,2,2.959368
-75.0,1,2.96198
-75.0,1,2.96473
25.0,3,2.972564
-25.0,2,2.977664
25.0,3,2.985375
-75.0,1,2.988235
-75.0,1,2.991139
-75.0,1,2.994151
175.0,6,3.009671
-75.0,1,3.012403
-75.0,1,3.015083
25.0,3,3.022442
-75.0,1,3.024956
-75.0,1,3.027736
25.0,3,3.035069
-75.0,1,3.037719
-25.0,2,3.042469
75.0,4,3.051884
-75.0,1,3.054507
-75.0,1,3.057442
-25.0,2,3.062907
-25.0,2,3.068212
-25.0,2,3.073516
75.0,4,3.083064
75.0,4,3.093491
-25.0,2,3.098769
-75.0,1,3.101759
-75.0,1,3.104515
-25.0,2,3.110115
875.0,14,3.141768
-75.0,1,3.144331
-75.0,1,3.146957
-75.0,1,3.149835
125.0,5,3.163006
-75.0,1,3.166092
-75.0,1,3.169324
-75.0,1,3.172517
-75.0,1,3.175709
25.0,3,3.184446
-25.0,2,3.19054
-75.0,1,3.193804
-25.0,2,3.199746
-25.0,2,3.205462
-75.0,1,3.208602
-25.0,2,3.214127
75.0,4,3.225491
-75.0,1,3.22829
-25.0,2,3.234077
25.0,3,3.242857
-75.0,1,3.246057
-25.0,2,3.251784
-75.0,1,3.254937
-25.0,2,3.261004
-75.0,1,3.2642
-75.0,1,3.266987
-25.0,2,3.2728
-75.0,1,3.275903
-25.0,2,3.281715
-25.0,2,3.28747
-75.0,1,3.290585
-75.0,1,3.293728
-75.0,1,3.297002
-75.0,1,3.300232
-75.0,1,3.303487
-25.0,2,3.309594
-75.0,1,3.31264
-25.0,2,3.318661
-25.0,2,3.324469
-75.0,1,3.327576
-75.0,1,3.330787
-75.0,1,3.33377
-75.0,1,3.336918
-25.0,2,3.342895
-75.0,1,3.346128
-75.0,1,3.34923
-25.0,2,3.355597
-25.0,2,3.361656
-75.0,1,3.364878
75.0,4,3.376661
-25.0,2,3.38268
25.0,3,3.391428
-75.0,1,3.394651
-75.0,1,3.397607
-25.0,2,3.403546
25.0,3,3.412315
-25.0,2,3.419928
-75.0,1,3.423874
-25.0,2,3.430402
-75.0,1,3.433588
-25.0,2,3.439276
-75.0,1,3.44223
175.0,6,3.459636
-75.0,1,3.463071
-25.0,2,3.468939
75.0,4,3.480443
-75.0,1,3.483407
-75.0,1,3.486375
-75.0,1,3.489292
75.0,4,3.500517
-25.0,2,3.50598
-75.0,1,3.509158
-25.0,2,3.514902
-25.0,2,3.52081
-75.0,1,3.523755
-75.0,1,3.52667
-25.0,2,3.532239
-75.0,1,3.535722
-25.0,2,3.541039
-75.0,1,3.543843
75.0,4,3.554173
-75.0,1,3.557
-25.0,2,3.56216
-25.0,2,3.567485
25.0,3,3.575547
-25.0,2,3.581434
-75.0,1,3.584299
175.0,6,3.600153
-25.0,2,3.605564
-25.0,2,3.610961
-75.0,1,3.613833
-75.0,1,3.617173
-25.0,2,3.622874
-75.0,1,3.625666
75.0,4,3.636072
-75.0,1,3.63904
25.0,3,3.64662
-25.0,2,3.651676
-75.0,1,3.654355
-75.0,1,3.657247
-75.0,1,3.660273
-75.0,1,3.663292
-25.0,2,3.668281
25.0,3,3.675929
75.0,4,3.685416
-75.0,1,3.688188
75.0,4,3.697813
-75.0,1,3.700745
-75.0,1,3.703643
-75.0,1,3.706768
-75.0,1,3.709645
75.0,4,3.719965
-75.0,1,3.722837
-75.0,1,3.725673
-75.0,1,3.728601
-25.0,2,3.733893
-75.0,1,3.736688
-25.0,2,3.742066
-75.0,1,3.744694
75.0,4,3.754785
-75.0,1,3.757527
-75.0,1,3.760433
-75.0,1,3.763258
-25.0,2,3.76872
-25.0,2,3.773576
-75.0,1,3.776077
-75.0,1,3.778745
-25.0,2,3.783943
-75.0,1,3.786701
75.0,4,3.79618
-75.0,1,3.798766
-75.0,1,3.801468
-25.0,2,3.806418
25.0,3,3.813725
-25.0,2,3.818659
25.0,3,3.826515
-25.0,2,3.831692
-25.0,2,3.837635
-75.0,1,3.841031
175.0,6,3.858901
-75.0,1,3.861759
-25.0,2,3.867036
-25.0,2,3.872273
-75.0,1,3.874991
-75.0,1,3.877753
-75.0,1,3.880575
-75.0,1,3.883316
25.0,3,3.890833
-75.0,1,3.893619
25.0,3,3.901076
25.0,3,3.909759
-25.0,2,3.915323
75.0,4,3.925778
-75.0,1,3.928655
-25.0,2,3.934022
-75.0,1,3.936872
75.0,4,3.946808
-25.0,2,3.952204
-75.0,1,3.955181
-25.0,2,3.960873
-75.0,1,3.963984
-25.0,2,3.969382
-75.0,1,3.972152
25.0,3,3.979632
-75.0,1,3.98246
-75.0,1,3.985304
-75.0,1,3.98805
-25.0,2,3.993289
-25.0,2,3.998463
75.0,4,4.008208
25.0,3,4.016956
-75.0,1,4.020004
-75.0,1,4.023061
75.0,4,4.034625
-25.0,2,4.041521
-25.0,2,4.047682
-75.0,1,4.050793
-25.0,2,4.056916
-25.0,2,4.062435
175.0,6,4.078051
175.0,6,4.092991
-75.0,1,4.096512
-25.0,2,4.102126
-25.0,2,4.108011
75.0,4,4.118728
-75.0,1,4.121547
125.0,5,4.134536
-25.0,2,4.140119
125.0,5,4.153253
-75.0,1,4.156003
-25.0,2,4.161484
75.0,4,4.844037
125.0,5,4.857852
-75.0,1,4.860855
-75.0,1,4.863799
-75.0,1,4.866661
-25.0,2,4.87199
25.0,3,4.88133
-75.0,1,4.884481
-75.0,1,4.887382
-75.0,1,4.89027
-75.0,1,4.892935
-25.0,2,4.898597
25.0,3,4.908065
175.0,7,4.928386
-25.0,2,4.934726
25.0,3,4.943065
-25.0,2,4.948265
-25.0,2,4.953161
25.0,3,4.961105
75.0,4,4.971795
-25.0,2,4.977246
-75.0,1,4.980135
25.0,3,4.988276
25.0,3,4.996625
175.0,7,5.017044
-25.0,2,5.023277
-75.0,1,5.02677
75.0,4,5.039755
75.0,4,5.052271
25.0,3,5.060821
-25.0,2,5.066181
175.0,6,5.081917
25.0,3,5.089853
-25.0,2,5.095574
-25.0,2,5.101098
75.0,4,5.112197
125.0,5,5.126388
-25.0,2,5.131958
25.0,3,5.140112
-25.0,2,5.145725
25.0,3,5.153831
-25.0,2,5.159611
75.0,4,5.170497
275.0,8,5.19132
175.0,7,5.209436
25.0,3,5.217959
25.0,3,5.225983
-75.0,1,5.228886
-25.0,2,5.234433
25.0,3,5.243187
-75.0,1,5.246186
-75.0,1,5.248985
25.0,3,5.257238
75.0,4,5.267647
275.0,8,5.28803
-75.0,1,5.290751
25.0,3,5.29907
-75.0,1,5.302107
-25.0,2,5.307632
75.0,4,5.317893
-25.0,2,5.323104
-75.0,1,5.325857
-75.0,1,5.328661
-75.0,1,5.331648
-25.0,2,5.337385
-75.0,1,5.340404
25.0,3,5.349449
125.0,5,5.362514
-75.0,1,5.365485
-25.0,2,5.370888
-75.0,1,5.373713
-25.0,2,5.379245
-25.0,2,5.384661
125.0,5,5.397596
-75.0,1,5.400266
175.0,7,5.418076
-75.0,1,5.42105
-75.0,1,5.42402
-75.0,1,5.426854
-75.0,1,5.429476
-75.0,1,5.432118
25.0,3,5.439924
25.0,3,5.447059
-75.0,1,5.449683
25.0,3,5.457498
125.0,5,5.47042
-25.0,2,5.475784
-25.0,2,5.481095
-75.0,1,5.483918
75.0,4,5.493865
-25.0,2,5.499086
275.0,8,5.519318
25.0,3,5.52713
-75.0,1,5.530311
-75.0,1,5.533574
-75.0,1,5.536634
25.0,3,5.544629
-75.0,1,5.547554
125.0,5,5.560664
-25.0,2,5.565751
-75.0,1,5.56856
-75.0,1,5.571494
-25.0,2,5.576644
475.0,10,5.601057
175.0,6,5.616403
-75.0,1,5.619775
-25.0,2,5.626233
-75.0,1,5.629193
175.0,6,5.644943
-75.0,1,5.647968
-75.0,1,5.650737
-25.0,2,5.65609
-25.0,2,5.662139
-75.0,1,5.665256
-75.0,1,5.668255
-25.0,2,5.673748
25.0,3,5.681426
-25.0,2,5.686907
75.0,4,5.697172
-75.0,1,5.699859
-25.0,2,5.704798
-75.0,1,5.707293
175.0,6,5.72384
-75.0,1,5.726796
-25.0,2,5.732435
-75.0,1,5.735161
275.0,8,5.755651
-75.0,1,5.758477
-25.0,2,5.763583
-75.0,1,5.766185
-25.0,2,5.771546
-25.0,2,5.77675
75.0,4,5.786765
-25.0,2,5.791907
25.0,3,5.799296
-75.0,1,5.801964
-75.0,1,5.804651
-75.0,1,5.807428
-75.0,1,5.810201
175.0,7,5.827642
-25.0,2,5.832857
25.0,3,5.841025
25.0,3,5.850553
25.0,3,5.859805
-25.0,2,5.865562
-75.0,1,5.868959
-75.0,1,5.872551
-75.0,1,5.875561
475.0,10,5.901365
-25.0,2,5.90677
-75.0,1,5.909676
-25.0,2,5.915232
-25.0,2,5.920686
-25.0,2,5.926137
75.0,4,5.936675
25.0,3,5.945089
-25.0,2,5.950692
75.0,4,5.961845
-25.0,2,5.967615
25.0,3,5.976549
-25.0,2,5.983543
-25.0,2,5.990213
-25.0,2,5.996484
-75.0,1,5.999742
-25.0,2,6.005781
-75.0,1,6.009102
-75.0,1,6.012685
375.0,9,6.037595
25.0,3,6.045423
75.0,4,6.056131
-75.0,1,6.059263
-75.0,1,6.062126
-25.0,2,6.068063
25.0,3,6.076077
-25.0,2,6.081449
-75.0,1,6.084317
25.0,3,6.092426
-75.0,1,6.095305
-25.0,2,6.100864
75.0,4,6.11149
-75.0,1,6.114538
475.0,10,6.141565
-25.0,2,6.147094
75.0,4,6.157349
-25.0,2,6.162832
175.0,6,6.178581
-25.0,2,6.183887
-75.0,1,6.186666
-25.0,2,6.192199
-75.0,1,6.195083
-75.0,1,6.197723
25.0,3,6.205303
-75.0,1,6.208055
25.0,3,6.215645
-25.0,2,6.220812
-75.0,1,6.223443
25.0,3,6.231399
125.0,5,6.564264
275.0,8,6.586111
-75.0,1,6.589152
-75.0,1,6.592014
-75.0,1,6.594839
75.0,4,6.605457
-25.0,2,6.610759
75.0,4,6.621722
475.0,10,6.647873
25.0,3,6.655118
125.0,5,6.669013
275.0,8,6.689907
-25.0,2,6.695254
-75.0,1,6.698371
-75.0,1,6.701324
75.0,4,6.712371
75.0,4,6.723201
475.0,10,6.749319
825.0,13,6.78366
25.0,3,6.791691
75.0,4,6.802759
175.0,7,6.821446
575.0,11,6.851722
125.0,5,6.865717
75.0,4,6.876357
-75.0,1,6.879326
175.0,7,6.89793
375.0,9,6.921634
25.0,3,6.930038
-25.0,2,6.935535
175.0,6,6.951123
-25.0,2,6.956405
75.0,4,6.96717
-75.0,1,6.970094
275.0,8,6.990494
75.0,4,7.000795
-25.0,2,7.006055
1125.0,19,7.053596
75.0,4,7.064501
25.0,3,7.072645
175.0,6,7.087952
125.0,5,7.10036
-75.0,1,7.103284
-75.0,1,7.106036
275.0,8,7.126819
125.0,5,7.14042
-25.0,2,7.146875
475.0,10,7.174356
-25.0,2,7.180651
-75.0,1,7.183932
-25.0,2,7.189938
-25.0,2,7.195925
-75.0,1,7.198821
175.0,6,7.214083
-75.0,1,7.217019
175.0,6,7.232852
-75.0,1,7.235826
475.0,10,7.263686
275.0,8,7.287057
-75.0,1,7.290105
-25.0,2,7.296083
1075.0,18,7.346773
25.0,3,7.354792
175.0,7,7.372977
175.0,7,7.391452
-25.0,2,7.396811
175.0,6,7.411781
25.0,3,7.42063
175.0,7,7.439235
-75.0,1,7.4422
175.0,7,7.460525
175.0,6,7.47601
25.0,3,7.48402
175.0,7,7.502263
275.0,8,7.523996
-75.0,1,7.526826
25.0,3,7.534741
-75.0,1,7.537673
-75.0,1,7.54059
-25.0,2,7.546407
875.0,14,7.581456
25.0,3,7.589179
675.0,12,7.619281
25.0,3,7.627983
25.0,3,7.635665
25.0,3,7.643524
125.0,5,7.656102
-75.0,1,7.659522
-75.0,1,7.662652
125.0,5,7.675243
125.0,5,7.687907
25.0,3,7.695763
-25.0,2,7.701054
-25.0,2,7.70645
25.0,3,7.714441
25.0,3,7.72223
175.0,7,7.739876
25.0,3,7.747746
475.0,10,7.772999
275.0,8,7.793553
675.0,12,7.823387
175.0,6,7.839172
-25.0,2,7.844555
-75.0,1,7.847786
275.0,8,7.869458
25.0,3,7.877519
-25.0,2,7.882808
-75.0,1,7.885599
25.0,3,7.893934
-75.0,1,7.896907
-75.0,1,7.899877
125.0,5,7.913945
75.0,4,7.925523
-25.0,2,8.268147
475.0,10,8.295366
-25.0,2,8.301365
-25.0,2,8.306851
925.0,15,8.348055
175.0,7,8.367849
-25.0,2,8.373741
-75.0,1,8.376871
25.0,3,8.38517
125.0,5,8.397536
-75.0,1,8.400593
175.0,7,8.419546
-75.0,1,8.422704
175.0,7,8.442366
25.0,3,8.450307
75.0,4,8.460839
175.0,7,8.479035
25.0,3,8.487385
475.0,10,8.512982
275.0,8,8.534469
75.0,4,8.544886
-75.0,1,8.548011
75.0,4,8.558884
1175.0,20,8.612277
-25.0,2,8.618394
25.0,3,8.627136
25.0,3,8.635261
75.0,4,8.645815
475.0,10,8.672213
75.0,4,8.683061
-75.0,1,8.685852
-25.0,2,8.693582
75.0,4,8.704382
-75.0,1,8.707317
-75.0,1,8.710454
75.0,4,8.721216
25.0,3,8.729635
175.0,6,8.744987
75.0,4,8.755157
-75.0,1,8.757873
75.0,4,8.767862
-75.0,1,8.770678
1025.0,17,8.813124
-25.0,2,8.81839
175.0,6,8.833554
675.0,12,8.864789
-75.0,1,8.867597
-25.0,2,8.873045
375.0,9,8.895642
-25.0,2,8.900938
-75.0,1,8.903943
-25.0,2,8.909292
-25.0,2,8.914832
-75.0,1,8.917662
175.0,6,8.93267
-75.0,1,8.935539
575.0,11,8.962313
25.0,3,8.970021
-75.0,1,8.972691
-75.0,1,8.975519
1025.0,17,9.019425
125.0,5,9.032562
675.0,12,9.063533
175.0,6,9.079405
75.0,4,9.090152
-75.0,1,9.09322
125.0,5,9.106695
125.0,5,9.120492
825.0,13,9.153899
175.0,7,9.172162
-75.0,1,9.175406
-25.0,2,9.182161
375.0,9,9.233128
-75.0,1,9.240517
675.0,12,9.313433
-75.0,1,9.317586
-75.0,1,9.323771
75.0,4,9.336699
925.0,15,9.391592
-25.0,2,9.396895
275.0,8,9.41681
25.0,3,9.425391
-25.0,2,9.43099
175.0,7,9.448425
375.0,9,9.471539
-75.0,1,9.474375
175.0,6,9.489606
275.0,8,9.509109
75.0,4,9.51998
25.0,3,9.528212
-25.0,2,9.53369
-75.0,1,9.5366
125.0,5,9.549049
75.0,4,9.559016
75.0,4,9.568971
75.0,4,9.579658
-75.0,1,9.58272
25.0,3,9.590579
-75.0,1,9.593101
-25.0,2,9.598302
925.0,15,9.637282
25.0,3,9.644951
1175.0,20,9.694375
-25.0,2,9.6999
25.0,3,9.708366
-25.0,2,9.713932
975.0,16,10.066235
-25.0,2,10.071882
75.0,4,10.082045
375.0,9,10.104222
675.0,12,10.135036
-75.0,1,10.138628
125.0,5,10.153867
75.0,4,10.164289
575.0,11,10.192685
-25.0,2,10.198156
125.0,5,10.211867
175.0,6,10.227329
125.0,5,10.240845
75.0,4,10.251481
175.0,7,10.269046
-25.0,2,10.274366
-25.0,2,10.279926
-75.0,1,10.28286
-25.0,2,10.288466
75.0,4,10.298912
275.0,8,10.320468
125.0,5,10.334479
175.0,7,10.352432
1375.0,24,10.412063
675.0,12,10.444222
-75.0,1,10.447113
25.0,3,10.45504
175.0,6,10.46956
25.0,3,10.47786
-75.0,1,10.480958
25.0,3,10.489411
875.0,14,10.52406
-25.0,2,10.529286
125.0,5,10.542686
-25.0,2,10.547825
-75.0,1,10.550546
-25.0,2,10.555788
175.0,7,10.572754
475.0,10,10.596725
-75.0,1,10.59949
-25.0,2,10.604731
475.0,10,10.631478
475.0,10,10.657282
125.0,5,10.670312
75.0,4,10.680799
-75.0,1,10.68367
75.0,4,10.693748
-75.0,1,10.696297
25.0,3,10.70386
875.0,14,10.73936
25.0,3,10.746749
25.0,3,10.754211
275.0,8,10.773819
-25.0,2,10.778936
75.0,4,10.789438
-75.0,1,10.792305
175.0,7,10.809928
175.0,6,10.824323
175.0,7,10.841536
25.0,3,10.849843
25.0,3,10.858608
-75.0,1,10.861672
-75.0,1,10.864643
75.0,4,10.875529
-75.0,1,10.878664
25.0,3,10.886686
675.0,12,10.91689
75.0,4,10.927848
175.0,6,10.943316
375.0,9,10.96516
-25.0,2,10.970244
-25.0,2,10.975502
-25.0,2,10.981315
-25.0,2,10.987494
75.0,4,10.998232
25.0,3,11.006008
75.0,4,11.016218
175.0,6,11.03173
-25.0,2,11.037099
1075.0,18,11.083332
-75.0,1,11.086146
-25.0,2,11.091427
125.0,5,11.106452
275.0,8,11.127196
-25.0,2,11.132615
25.0,3,11.140909
275.0,8,11.161146
175.0,7,11.178528
25.0,3,11.186445
-75.0,1,11.189176
125.0,5,11.201502
275.0,8,11.221213
-25.0,2,11.226026
-75.0,1,11.228893
75.0,4,11.238766
-25.0,2,11.243707
75.0,4,11.253793
-75.0,1,11.256299
75.0,4,11.266354
675.0,12,11.296996
375.0,9,11.319525
375.0,9,11.342419
375.0,9,11.680313
75.0,4,11.690954
25.0,3,11.698535
675.0,12,11.728091
25.0,3,11.736033
125.0,5,11.748953
-25.0,2,11.754152
1125.0,19,11.803601
-75.0,1,11.806795
275.0,8,11.828801
-25.0,2,11.83493
475.0,10,11.862525
275.0,8,11.88276
125.0,5,11.895355
175.0,6,11.910988
25.0,3,11.918695
375.0,9,11.943106
-25.0,2,11.948514
-75.0,1,11.951236
25.0,3,11.959269
-75.0,1,11.962227
-25.0,2,11.967645
75.0,4,11.978096
675.0,12,12.010314
-75.0,1,12.013258
-75.0,1,12.016153
475.0,10,12.041959
-75.0,1,12.044852
175.0,7,12.064477
-25.0,2,12.070307
-75.0,1,12.073489
75.0,4,12.084048
-75.0,1,12.08702
575.0,11,12.114825
75.0,4,12.125764
125.0,5,12.138891
675.0,12,12.168832
125.0,5,12.182059
175.0,6,12.197756
75.0,4,12.208237
75.0,4,12.21875
125.0,5,12.231112
1025.0,17,12.274731
25.0,3,12.283223
175.0,6,12.299459
-75.0,1,12.30263
1525.0,28,12.376686
175.0,7,12.394285
175.0,6,12.409207
75.0,4,12.419827
125.0,5,12.432699
375.0,9,12.45597
-25.0,2,12.460776
25.0,3,12.467919
-25.0,2,12.474423
-75.0,1,12.477754
75.0,4,12.488935
-75.0,1,12.4918
275.0,8,12.513608
25.0,3,12.521383
-25.0,2,12.526673
-25.0,2,12.532279
175.0,6,12.548141
175.0,7,12.567487
75.0,4,12.578316
-75.0,1,12.581391
125.0,5,12.594416
275.0,8,12.615248
-75.0,1,12.618196
-25.0,2,12.624901
175.0,7,12.643047
25.0,3,12.650437
925.0,15,12.68814
75.0,4,12.698141
475.0,10,12.722969
1075.0,18,12.766877
-25.0,2,12.772126
-75.0,1,12.774837
25.0,3,12.782891
175.0,7,12.800377
175.0,7,12.818377
25.0,3,12.826158
275.0,8,12.847121
25.0,3,12.85752
275.0,8,12.878217
125.0,5,12.89122
-75.0,1,12.894015
-75.0,1,12.896724
125.0,5,12.910137
175.0,7,12.929025
25.0,3,12.937136
75.0,4,12.947731
475.0,10,12.972286
125.0,5,12.985013
-75.0,1,12.987927
-75.0,1,12.99082
-25.0,2,12.996395
-75.0,1,12.999333
-25.0,2,13.004832
-75.0,1,13.008441
-75.0,1,13.012021
-25.0,2,13.34266
125.0,5,13.356185
25.0,3,13.364316
-75.0,1,13.367357
-75.0,1,13.370347
75.0,4,13.380984
175.0,6,13.39662
-25.0,2,13.401958
25.0,3,13.40986
275.0,8,13.431139
175.0,6,13.446743
675.0,12,13.476117
125.0,5,13.489153
375.0,9,13.512551
-25.0,2,13.518097
175.0,6,13.533942
25.0,3,13.541613
875.0,14,13.575897
475.0,10,13.601283
25.0,3,13.609373
675.0,12,13.642741
175.0,6,13.658273
75.0,4,13.669177
125.0,5,13.682537
-75.0,1,13.685484
1025.0,17,13.727309
-75.0,1,13.730385
1075.0,18,13.77509
175.0,7,13.793693
-75.0,1,13.796537
175.0,6,13.812274
75.0,4,13.822931
-75.0,1,13.825813
925.0,15,13.864608
975.0,16,13.904837
-75.0,1,13.907676
1025.0,17,13.949951
-75.0,1,13.952829
575.0,11,13.980407
825.0,13,14.015301
-25.0,2,14.021853
175.0,6,14.037319
825.0,13,14.069567
125.0,5,14.083149
-25.0,2,14.088752
125.0,5,14.10217
75.0,4,14.112577
-25.0,2,14.117855
75.0,4,14.129022
25.0,3,14.136931
25.0,3,14.145296
275.0,8,14.165748
675.0,12,14.19595
-75.0,1,14.198585
875.0,14,14.232551
675.0,12,14.261592
-75.0,1,14.264328
-25.0,2,14.269452
-75.0,1,14.272468
-75.0,1,14.275426
175.0,6,14.291032
75.0,4,14.301054
275.0,8,14.321303
-75.0,1,14.324138
75.0,4,14.334771
125.0,5,14.347621
-25.0,2,14.353075
375.0,9,14.375144
75.0,4,14.385629
25.0,3,14.393474
-25.0,2,14.398722
125.0,5,14.410806
-75.0,1,14.413524
25.0,3,14.422257
175.0,7,14.440244
125.0,5,14.453429
575.0,11,14.481516
175.0,6,14.497401
275.0,8,14.517825
125.0,5,14.531523
25.0,3,14.539809
575.0,11,14.567711
575.0,11,14.595265
125.0,5,14.60835
-25.0,2,14.613683
75.0,4,14.625172
-25.0,2,14.630495
-75.0,1,14.633279
175.0,7,14.651327
-75.0,1,14.654177
175.0,7,14.970411
25.0,3,14.977924
25.0,3,14.985797
-75.0,1,14.988587
475.0,10,15.013316
125.0,5,15.025494
-25.0,2,15.031234
75.0,4,15.042617
825.0,13,15.075883
675.0,12,15.106313
975.0,16,15.1467
-25.0,2,15.152046
875.0,14,15.188122
675.0,12,15.218577
175.0,6,15.233812
175.0,6,15.247939
-25.0,2,15.253274
-75.0,1,15.256055
75.0,4,15.266373
375.0,9,15.289437
75.0,4,15.299454
-25.0,2,15.304576
-75.0,1,15.307451
25.0,3,15.315496
-75.0,1,15.318472
125.0,5,15.331778
575.0,11,15.359575
25.0,3,15.367536
175.0,7,15.384913
825.0,13,15.418637
75.0,4,15.429972
-25.0,2,15.435718
125.0,5,15.449352
75.0,4,15.46035
-75.0,1,15.463183
475.0,10,15.489691
-25.0,2,15.495121
975.0,16,15.535508
-75.0,1,15.538482
1025.0,17,15.582616
75.0,4,15.594082
-25.0,2,15.600609
25.0,3,15.608856
125.0,5,15.623394
75.0,4,15.633862
-75.0,1,15.636568
-75.0,1,15.639454
575.0,11,15.667806
-75.0,1,15.670627
-75.0,1,15.673488
175.0,6,15.689109
-75.0,1,15.691888
275.0,8,15.712087
-75.0,1,15.714879
-25.0,2,15.720011
75.0,4,15.729807
825.0,13,15.762183
125.0,5,15.774168
25.0,3,15.781412
675.0,12,15.811121
-25.0,2,15.816468
-75.0,1,15.819312
125.0,5,15.83227
575.0,11,15.860718
-25.0,2,15.865849
125.0,5,15.878247
-25.0,2,15.883652
-25.0,2,15.88921
875.0,14,15.931636
375.0,9,15.957108
125.0,5,15.96964
75.0,4,15.980113
25.0,3,15.987924
25.0,3,15.995601
-75.0,1,15.998519
175.0,6,16.01352
-75.0,1,16.016167
375.0,9,16.039076
-25.0,2,16.044868
175.0,6,16.060354
175.0,7,16.078265
-75.0,1,16.081272
175.0,6,16.096786
-75.0,1,16.099729
275.0,8,16.119722
25.0,3,16.127446
-75.0,1,16.130312
25.0,3,16.138469
-25.0,2,16.143849
175.0,6,16.159536
25.0,3,16.167001
-25.0,2,16.172093
125.0,5,16.184809
75.0,4,16.195041
-75.0,1,16.19799
1025.0,17,16.240622
375.0,9,16.262417
-25.0,2,16.267372
25.0,3,16.274668
475.0,10,16.629549
275.0,8,16.650243
-25.0,2,16.655507
125.0,5,16.668452
-75.0,1,16.671399
375.0,9,16.694299
-25.0,2,16.699915
75.0,4,16.710069
575.0,11,16.737198
25.0,3,16.745116
275.0,8,16.765233
-75.0,1,16.768061
25.0,3,16.775618
-25.0,2,16.781261
1025.0,17,16.82413
25.0,3,16.831867
25.0,3,16.83963
125.0,5,16.852481
-75.0,1,16.855666
-75.0,1,16.859106
125.0,5,16.873037
175.0,6,16.889065
1425.0,25,16.95141
475.0,10,16.976628
25.0,3,16.984494
-75.0,1,16.987423
-25.0,2,16.993017
575.0,11,17.021018
75.0,4,17.031617
175.0,6,17.047364
125.0,5,17.061099
1025.0,17,17.105321
675.0,12,17.137088
125.0,5,17.150474
175.0,6,17.16626
-75.0,1,17.169176
-75.0,1,17.172032
25.0,3,17.180208
25.0,3,17.188239
-25.0,2,17.193785
375.0,9,17.216284
-75.0,1,17.219069
575.0,11,17.247043
125.0,5,17.260131
125.0,5,17.274058
-75.0,1,17.277084
25.0,3,17.285173
375.0,9,17.309376
125.0,5,17.322856
575.0,11,17.35144
175.0,6,17.367235
175.0,7,17.385725
175.0,6,17.400809
275.0,8,17.421184
75.0,4,17.431632
75.0,4,17.441835
1025.0,17,17.485015
125.0,5,17.49783
75.0,4,17.508151
825.0,13,17.539744
125.0,5,17.553141
-75.0,1,17.5559
-75.0,1,17.558682
75.0,4,17.569951
1025.0,17,17.613684
175.0,7,17.632261
75.0,4,17.642159
-75.0,1,17.645153
375.0,9,17.66723
25.0,3,17.674745
175.0,6,17.689809
825.0,13,17.72064
-75.0,1,17.723321
-25.0,2,17.728394
-75.0,1,17.731465
175.0,6,17.747712
-25.0,2,17.753188
-75.0,1,17.756017
75.0,4,17.76608
-25.0,2,17.771124
-75.0,1,17.773998
-75.0,1,17.776756
-75.0,1,17.779539
-75.0,1,17.78212
875.0,14,17.816461
275.0,8,17.838375
-75.0,1,17.841256
175.0,7,17.861415
175.0,6,17.877356
275.0,8,17.898101
25.0,3,17.90627
-25.0,2,17.911811
75.0,4,17.92171
25.0,3,17.929244
75.0,4,17.939409
475.0,10,18.27662
825.0,13,18.308513
125.0,5,18.321172
25.0,3,18.328845
125.0,5,18.34265
-25.0,2,18.348381
1125.0,19,18.398533
175.0,7,18.416733
25.0,3,18.42511
25.0,3,18.432936
-75.0,1,18.435751
875.0,14,18.471998
175.0,6,18.48672
175.0,6,18.501692
275.0,8,18.520752
75.0,4,18.530427
25.0,3,18.538143
25.0,3,18.546191
-75.0,1,18.549217
175.0,7,18.566171
475.0,10,18.591924
175.0,7,18.60952
475.0,10,18.635997
-75.0,1,18.638995
-75.0,1,18.641721
375.0,9,18.664168
925.0,15,18.702054
-25.0,2,18.707703
-75.0,1,18.710577
125.0,5,18.723512
25.0,3,18.73107
275.0,8,18.752151
275.0,8,18.772694
275.0,8,18.794678
-25.0,2,18.799989
1225.0,21,18.855077
-75.0,1,18.858224
75.0,4,18.869153
125.0,5,18.883117
1275.0,22,18.943775
675.0,12,18.979628
375.0,9,19.004938
475.0,10,19.03189
75.0,4,19.042436
275.0,8,19.062414
925.0,15,19.101348
175.0,6,19.116834
-25.0,2,19.121932
875.0,14,19.157569
25.0,3,19.165214
175.0,7,19.183228
-25.0,2,19.188585
-25.0,2,19.193764
125.0,5,19.2066
-75.0,1,19.209299
175.0,7,19.226124
-25.0,2,19.232168
925.0,15,19.27128
75.0,4,19.281902
-75.0,1,19.28474
75.0,4,19.29514
375.0,9,19.317772
975.0,16,19.357693
-25.0,2,19.362824
75.0,4,19.373056
475.0,10,19.39706
175.0,6,19.411258
75.0,4,19.421896
475.0,10,19.446825
75.0,4,19.457329
75.0,4,19.468208
-75.0,1,19.471102
75.0,4,19.481358
675.0,12,19.512479
1075.0,18,19.558585
475.0,10,19.582476
475.0,10,19.93326
125.0,5,19.945751
-75.0,1,19.948579
-75.0,1,19.951581
-75.0,1,19.954529
-75.0,1,19.957584
175.0,6,19.972746
125.0,5,19.984597
-75.0,1,19.987169
-75.0,1,19.989906
125.0,5,20.002461
75.0,4,20.013014
125.0,5,20.026612
-25.0,2,20.032399
25.0,3,20.040565
-75.0,1,20.043376
1075.0,18,20.08772
25.0,3,20.095653
-75.0,1,20.098402
125.0,5,20.111464
25.0,3,20.119226
-75.0,1,20.12181
575.0,11,20.148965
275.0,8,20.168249
375.0,9,20.190387
175.0,6,20.205203
-75.0,1,20.207769
175.0,7,20.224681
-25.0,2,20.229826
175.0,7,20.247599
-25.0,2,20.25313
-75.0,1,20.256026
-25.0,2,20.261743
825.0,13,20.29393
1175.0,20,20.341582
175.0,6,20.357884
-75.0,1,20.361411
175.0,6,20.380127
675.0,12,20.41562
975.0,16,20.458053
575.0,11,20.487736
175.0,7,20.505883
275.0,8,20.526564
-75.0,1,20.529587
25.0,3,20.537896
675.0,12,20.569436
75.0,4,20.579729
-25.0,2,20.585125
125.0,5,20.598476
-75.0,1,20.601259
-75.0,1,20.604259
175.0,6,20.620299
25.0,3,20.629182
1075.0,18,20.675018
25.0,3,20.682987
-25.0,2,20.68828
925.0,15,20.727481
825.0,13,20.760959
-25.0,2,20.766385
-25.0,2,20.771603
75.0,4,20.782158
-25.0,2,20.787482
875.0,14,20.821278
275.0,8,20.840281
275.0,8,20.86009
25.0,3,20.868016
375.0,9,20.890739
25.0,3,20.898905
-75.0,1,20.901766
125.0,5,20.914662
-75.0,1,20.917439
75.0,4,20.927959
1325.0,23,20.985812
-75.0,1,20.988859
1175.0,20,21.03933
825.0,13,21.074516
-75.0,1,21.077178
575.0,11,21.105641
25.0,3,21.113902
175.0,7,21.132235
-25.0,2,21.137729
875.0,14,21.173088
-25.0,2,21.178156
825.0,13,21.209941
-25.0,2,21.215199
-25.0,2,21.2203
25.0,3,21.228148
-75.0,1,21.230897
825.0,13,21.577755
175.0,6,21.593826
75.0,4,21.604423
25.0,3,21.612297
75.0,4,21.624
25.0,3,21.632133
175.0,7,21.650159
1375.0,24,21.712224
25.0,3,21.719854
675.0,12,21.749952
-25.0,2,21.7555
125.0,5,21.768056
175.0,7,21.785046
125.0,5,21.797374
75.0,4,21.80857
875.0,14,21.852253
-75.0,1,21.855923
175.0,7,21.877976
-75.0,1,21.881467
175.0,7,21.902882
-75.0,1,21.907593
75.0,4,21.920276
-25.0,2,21.925754
875.0,14,21.96603
-75.0,1,21.969003
25.0,3,21.977087
25.0,3,21.985535
25.0,3,21.993947
-25.0,2,21.999851
-25.0,2,22.005695
25.0,3,22.013869
575.0,11,22.043946
175.0,6,22.062363
1425.0,25,22.133974
-75.0,1,22.137137
-75.0,1,22.140267
25.0,3,22.148947
275.0,8,22.170466
175.0,6,22.188281
-75.0,1,22.191691
275.0,8,22.21329
575.0,11,22.2425
25.0,3,22.251059
-75.0,1,22.254111
275.0,8,22.275849
25.0,3,22.285492
175.0,6,22.304879
-25.0,2,22.310895
-25.0,2,22.316732
25.0,3,22.325621
-75.0,1,22.328689
675.0,12,22.36104
175.0,6,22.377271
25.0,3,22.385693
-75.0,1,22.388591
275.0,8,22.409588
125.0,5,22.422884
175.0,7,22.442547
-75.0,1,22.445452
125.0,5,22.458315
175.0,6,22.474321
175.0,6,22.489314
-25.0,2,22.495088
25.0,3,22.504325
575.0,11,22.533471
175.0,7,22.552503
-75.0,1,22.555536
475.0,10,22.580198
125.0,5,22.592733
-25.0,2,22.598198
475.0,10,22.627786
-25.0,2,22.633477
175.0,7,22.652891
275.0,8,22.673064
25.0,3,22.680595
125.0,5,22.693701
25.0,3,22.702028
175.0,7,22.729063
25.0,3,22.741205
125.0,5,22.760084
75.0,4,22.775988
175.0,6,22.802553
475.0,10,22.84165
475.0,10,22.876792
25.0,3,22.887187
475.0,10,22.915052
-75.0,1,22.918104
25.0,3,22.925769
75.0,4,22.936296
125.0,5,22.949207
-25.0,2,22.955573
175.0,7,22.974629
-25.0,2,22.979918
475.0,10,23.005637
675.0,12,23.36009
75.0,4,23.37249
25.0,3,23.382697
1625.0,29,23.47057
75.0,4,23.482172
375.0,9,23.50938
-75.0,1,23.512433
825.0,13,23.549268
875.0,14,23.584896
-25.0,2,23.589998
275.0,8,23.611966
175.0,6,23.634919
-25.0,2,23.640747
1125.0,19,23.688713
-25.0,2,23.693849
1025.0,17,23.74245
275.0,8,23.769156
125.0,5,23.78251
275.0,8,23.803576
-25.0,2,23.809083
875.0,14,23.843302
75.0,4,23.854042
275.0,8,23.87556
175.0,6,23.891912
75.0,4,23.903933
675.0,12,23.936046
-75.0,1,23.939035
3475.0,54,24.080049
-75.0,1,24.083012
-75.0,1,24.086025
75.0,4,24.097093
75.0,4,24.107688
175.0,7,24.125886
175.0,6,24.14175
125.0,5,24.155289
-75.0,1,24.158525
175.0,6,24.173827
25.0,3,24.181687
1825.0,31,24.256383
475.0,10,24.280992
-75.0,1,24.283861
275.0,8,24.305653
475.0,10,24.331488
925.0,15,24.369394
1825.0,31,24.449645
-75.0,1,24.452387
-75.0,1,24.455111
125.0,5,24.468675
1075.0,18,24.515747
1175.0,20,24.567998
-75.0,1,24.57078
575.0,11,24.59837
-25.0,2,24.603791
675.0,12,24.636008
575.0,11,24.665629
1925.0,32,25.052631
75.0,4,25.063232
25.0,3,25.071284
-25.0,2,25.077272
-75.0,1,25.080329
1425.0,25,25.156731
-75.0,1,25.160046
25.0,3,25.172785
675.0,12,25.218174
75.0,4,25.233458
25.0,3,25.24377
575.0,11,25.284772
1625.0,29,25.392289
275.0,8,25.426704
275.0,8,25.45788
-25.0,2,25.46612
275.0,8,25.494332
375.0,9,25.527619
-75.0,1,25.532042
-25.0,2,25.540477
75.0,4,25.555121
575.0,11,25.596671
-25.0,2,25.604954
275.0,8,25.63567
1075.0,18,25.704555
-75.0,1,25.708103
125.0,5,25.727757
675.0,12,25.773075
175.0,7,25.797878
275.0,8,25.834235
975.0,16,25.900615
75.0,4,25.916269
-75.0,1,25.921671
-25.0,2,25.93009
275.0,8,25.962527
275.0,8,25.996079
-75.0,1,25.999544
575.0,11,26.040963
-25.0,2,26.048699
1025.0,17,26.117485
-75.0,1,26.122669
275.0,8,26.154706
675.0,12,26.205971
575.0,11,26.246843
-75.0,1,26.251586
25.0,3,26.262167
75.0,4,26.281772
275.0,8,26.32033
-75.0,1,26.324245
125.0,5,26.345126
75.0,4,26.362213
1525.0,28,26.46991
475.0,10,26.505855
25.0,3,26.517916
-75.0,1,26.521315
1075.0,18,26.586954
-75.0,1,26.591436
25.0,3,26.60179
1075.0,18,26.672221
175.0,6,26.696032
175.0,6,26.719352
925.0,15,26.777829
125.0,5,26.798526
175.0,6,26.820737
75.0,4,26.835158
75.0,4,26.850425
175.0,7,26.877252
125.0,5,26.897693
-75.0,1,26.901414
675.0,12,26.949754
275.0,8,27.394698
375.0,9,27.435406
875.0,14,27.484151
25.0,3,27.49555
-25.0,2,27.502864
175.0,6,27.52368
-75.0,1,27.527875
575.0,11,27.57192
2025.0,33,27.693988
-25.0,2,27.702209
75.0,4,27.716891
-25.0,2,27.729469
375.0,9,27.761162
175.0,7,27.788361
75.0,4,27.803172
475.0,10,27.841678
25.0,3,27.852695
125.0,5,27.872942
925.0,15,27.932697
125.0,5,27.951729
125.0,5,27.970107
-75.0,1,27.974957
375.0,9,28.011305
-75.0,1,28.015578
25.0,3,28.027376
675.0,12,28.072031
275.0,8,28.105018
375.0,9,28.138788
375.0,9,28.173059
175.0,7,28.198177
-25.0,2,28.206893
175.0,6,28.233076
-75.0,1,28.239694
125.0,5,28.260419
125.0,5,28.277458
-75.0,1,28.28074
75.0,4,28.294058
975.0,16,28.356557
125.0,5,28.377458
175.0,7,28.405818
1375.0,24,28.50906
175.0,7,28.536547
175.0,7,28.565868
175.0,7,28.593943
-75.0,1,28.598526
1275.0,22,28.683749
925.0,15,28.740908
125.0,5,28.760919
275.0,8,28.798738
675.0,12,28.844139
125.0,5,28.863968
75.0,4,28.879754
125.0,5,28.906529
475.0,10,28.946072
125.0,5,28.965405
825.0,13,29.015164
1275.0,22,29.096752
75.0,4,29.114691
25.0,3,29.127613
125.0,5,29.147764
75.0,4,29.162309
125.0,5,29.181172
1075.0,18,29.247206
25.0,3,29.257953
-75.0,1,29.262197
575.0,11,29.301199
125.0,5,29.319977
375.0,9,29.354543
575.0,11,29.814503
375.0,9,29.845876
275.0,8,29.873045
575.0,11,29.914756
25.0,3,29.925284
175.0,7,29.952106
275.0,8,29.980609
-25.0,2,29.989291
75.0,4,30.006374
75.0,4,30.021847
825.0,13,30.069061
125.0,5,30.087554
375.0,9,30.119572
925.0,15,30.175766
-25.0,2,30.184536
1425.0,25,30.272692
925.0,15,30.330824
25.0,3,30.342819
-75.0,1,30.347282
575.0,11,30.387366
75.0,4,30.402674
275.0,8,30.4321
175.0,6,30.456066
-25.0,2,30.464318
375.0,9,30.504194
475.0,10,30.541373
25.0,3,30.552821
175.0,7,30.578215
-75.0,1,30.582333
125.0,5,30.599917
25.0,3,30.610516
25.0,3,30.621806
25.0,3,30.632467
275.0,8,30.660053
375.0,9,30.694026
25.0,3,30.705437
-25.0,2,30.71335
375.0,9,30.74394
125.0,5,30.762868
-75.0,1,30.767135
275.0,8,30.796606
275.0,8,30.825021
125.0,5,30.84356
175.0,6,30.86483
-75.0,1,30.868633
75.0,4,30.885594
125.0,5,30.907269
825.0,13,30.979478
175.0,6,31.013897
475.0,10,31.052886
275.0,8,31.083736
-75.0,1,31.089066
25.0,3,31.101059
75.0,4,31.11681
575.0,11,31.174825
175.0,7,31.215971
75.0,4,31.23367
75.0,4,31.250721
975.0,16,31.311193
25.0,3,31.324161
75.0,4,31.339447
175.0,6,31.362749
25.0,3,31.375159
125.0,5,31.394931
75.0,4,31.410084
375.0,9,31.446404
175.0,6,31.47112
1025.0,17,31.533107
2025.0,33,31.658682
175.0,6,31.683655
175.0,6,31.706958
-25.0,2,31.714123
-25.0,2,31.72209
675.0,12,31.768405
-75.0,1,31.772945
-25.0,2,31.78082
-75.0,1,31.784493
475.0,10,32.377753
175.0,7,32.407621
1925.0,32,32.527449
75.0,4,32.543006
1025.0,17,32.60703
-75.0,1,32.610699
125.0,5,32.635773
825.0,13,32.682754
575.0,11,32.733835
25.0,3,32.750447
175.0,6,32.774829
1525.0,28,32.887447
575.0,11,32.934952
925.0,15,32.994938
-25.0,2,33.002013
175.0,6,33.024834
75.0,4,33.040498
75.0,4,33.057161
-25.0,2,33.066365
975.0,16,33.130074
175.0,6,33.155866
-75.0,1,33.15942
-75.0,1,33.163568
175.0,7,33.188842
-75.0,1,33.192458
875.0,14,33.244931
-75.0,1,33.24896
825.0,13,33.299399
675.0,12,33.344009
475.0,10,33.38595
575.0,11,33.431029
-75.0,1,33.435625
-25.0,2,33.445734
925.0,15,33.504915
675.0,12,33.551777
-75.0,1,33.556358
125.0,5,33.588891
125.0,5,33.608756
275.0,8,33.648164
25.0,3,33.660062
75.0,4,33.674694
125.0,5,33.693236
125.0,5,33.71467
175.0,7,33.741629
125.0,5,33.760453
75.0,4,33.775121
825.0,13,33.829423
25.0,3,33.840141
175.0,7,33.865303
375.0,9,33.898411
-75.0,1,33.903113
-75.0,1,33.90708
25.0,3,33.920162
375.0,9,33.95549
275.0,8,33.986447
1375.0,24,34.081643
25.0,3,34.093006
125.0,5,34.112256
75.0,4,34.126039
-75.0,1,34.129319
175.0,7,34.159691
1175.0,20,34.231924
25.0,3,34.243617
-25.0,2,34.251564
175.0,6,34.275842
-25.0,2,34.283197
125.0,5,34.30447
175.0,6,34.32996
-25.0,2,34.342018
-25.0,2,34.350151
25.0,3,34.36585
25.0,3,34.378803
-25.0,2,34.387425
1025.0,17,34.886058
475.0,10,34.9268
-25.0,2,34.937757
175.0,6,34.964806
175.0,7,34.992159
975.0,16,35.058537
825.0,13,35.12584
75.0,4,35.140332
175.0,7,35.175188
175.0,7,35.202795
-25.0,2,35.210351
1025.0,17,35.284099
1225.0,21,35.366963
175.0,6,35.390163
75.0,4,35.405541
175.0,7,35.44275
675.0,12,35.495226
-75.0,1,35.500488
975.0,16,35.559977
175.0,7,35.58585
-75.0,1,35.590883
175.0,6,35.617807
25.0,3,35.631402
175.0,6,35.658232
475.0,10,35.697094
125.0,5,35.731594
1025.0,17,35.800716
-75.0,1,35.805743
-75.0,1,35.810323
175.0,7,35.839265
975.0,16,35.898969
175.0,7,35.92612
-75.0,1,35.931084
1425.0,25,36.028795
-25.0,2,36.036583
675.0,12,36.088025
2275.0,36,36.233883
475.0,10,36.273479
275.0,8,36.30741
-25.0,2,36.315442
25.0,3,36.326753
25.0,3,36.33706
275.0,8,36.36627
175.0,7,36.394958
25.0,3,36.407145
1225.0,21,36.486767
-25.0,2,36.494723
25.0,3,36.5082
75.0,4,36.524987
175.0,6,36.546711
-25.0,2,36.553718
575.0,11,36.591469
175.0,7,36.61987
-25.0,2,36.628891
75.0,4,36.64518
-75.0,1,36.64867
1525.0,27,36.747108
25.0,3,36.759095
1125.0,19,36.82618
475.0,10,36.864321
-25.0,2,36.871924
-75.0,1,36.875612
675.0,12,36.921599
675.0,12,37.406786
75.0,4,37.422643
275.0,8,37.464663
25.0,3,37.476056
-75.0,1,37.47943
1725.0,30,37.594622
125.0,5,37.614275
25.0,3,37.626518
175.0,6,37.654027
-25.0,2,37.662573
1525.0,28,37.776549
575.0,11,37.819356
75.0,4,37.833983
275.0,8,37.866958
175.0,6,37.890912
25.0,3,37.902664
1475.0,26,38.001689
575.0,11,38.054054
-25.0,2,38.062351
275.0,8,38.094892
-25.0,2,38.102374
375.0,9,38.138528
375.0,9,38.191132
-25.0,2,38.199837
175.0,7,38.226601
275.0,8,38.255871
275.0,8,38.293799
175.0,6,38.325205
75.0,4,38.348389
975.0,16,38.431595
175.0,6,38.460771
175.0,7,38.498225
275.0,8,38.531119
-75.0,1,38.534902
375.0,9,38.570361
1025.0,17,38.64432
1325.0,23,38.736681
1225.0,21,38.819668
-25.0,2,38.828178
175.0,6,38.852554
1125.0,19,38.923413
575.0,11,38.96482
-25.0,2,38.979163
-75.0,1,38.98396
475.0,10,39.023464
1725.0,30,39.155785
-75.0,1,39.159113
-25.0,2,39.168064
175.0,6,39.191854
175.0,7,39.218987
75.0,4,39.234114
175.0,6,39.258231
125.0,5,39.279109
175.0,7,39.306063
875.0,14,39.361456
1825.0,31,39.477479
275.0,8,39.98875
475.0,10,40.027169
-75.0,1,40.03145
275.0,8,40.062707
1125.0,19,40.141632
1375.0,24,40.24041
925.0,15,40.297321
1125.0,19,40.383765
75.0,4,40.398776
-75.0,1,40.403362
175.0,6,40.437017
175.0,7,40.463731
2625.0,42,40.6477
175.0,7,40.677135
25.0,3,40.691741
975.0,16,40.754025
975.0,16,40.815556
125.0,5,40.83376
875.0,14,40.884157
125.0,5,40.903128
-75.0,1,40.906737
-75.0,1,40.910867
-25.0,2,40.918988
675.0,12,40.964053
925.0,15,41.021214
1075.0,18,41.090777
25.0,3,41.103024
175.0,6,41.128093
1225.0,21,41.207803
125.0,5,41.228894
1175.0,20,41.30429
175.0,6,41.328494
-25.0,2,41.336211
875.0,14,41.391711
25.0,3,41.402757
1175.0,20,41.478651
125.0,5,41.496463
75.0,4,41.512744
25.0,3,41.523827
-75.0,1,41.528668
25.0,3,41.540903
-75.0,1,41.54424
475.0,10,41.582359
25.0,3,41.59418
825.0,13,41.647501
25.0,3,41.659232
75.0,4,41.674773
375.0,9,41.705888
1525.0,27,41.806067
475.0,10,41.844061
-75.0,1,41.847994
375.0,9,41.889189
475.0,10,41.927206
75.0,4,41.942789
825.0,13,41.98919
1025.0,17,42.511785
825.0,13,42.566235
175.0,7,42.597424
-75.0,1,42.601927
275.0,8,42.632892
475.0,10,42.671106
125.0,5,42.690293
175.0,6,42.712858
175.0,6,42.735551
475.0,10,42.772204
1025.0,17,42.841259
575.0,11,42.881357
925.0,15,42.937858
125.0,5,42.95611
975.0,16,43.021897
125.0,5,43.042299
1525.0,27,43.145273
-25.0,2,43.153443
1425.0,25,43.247401
1025.0,17,43.314947
675.0,12,43.361248
25.0,3,43.373605
25.0,3,43.385884
-25.0,2,43.394534
125.0,5,43.41322
375.0,9,43.450201
375.0,9,43.485538
25.0,3,43.497558
-75.0,1,43.50117
25.0,3,43.513159
675.0,12,43.560777
575.0,11,43.601431
575.0,11,43.643939
75.0,4,43.659157
25.0,3,43.671588
175.0,6,43.692808
-25.0,2,43.700171
25.0,3,43.712414
-75.0,1,43.715916
-25.0,2,43.724214
125.0,5,43.742213
1625.0,29,43.85251
1175.0,20,43.92997
375.0,9,43.965219
-25.0,2,43.972357
575.0,11,44.013952
825.0,13,44.063316
25.0,3,44.074782
75.0,4,44.08926
-25.0,2,44.096597
175.0,6,44.117596
-75.0,1,44.122294
125.0,5,44.141007
175.0,7,44.170063
1075.0,18,44.235795
1325.0,23,44.324738
1225.0,21,44.406089
675.0,12,44.87657
575.0,11,44.922265
-75.0,1,44.927577
-75.0,1,44.932204
1475.0,26,45.034231
875.0,14,45.085671
1125.0,19,45.155498
1125.0,19,45.225775
1225.0,21,45.299904
-75.0,1,45.303401
175.0,6,45.325764
1425.0,25,45.414833
75.0,4,45.431514
925.0,15,45.482728
1125.0,19,45.548134
1525.0,28,45.649355
75.0,4,45.663471
475.0,10,45.699092
175.0,6,45.721804
-25.0,2,45.730486
575.0,11,45.771786
675.0,12,45.815866
75.0,4,45.830749
175.0,6,45.85477
1225.0,21,45.934585
25.0,3,45.947272
25.0,3,45.958268
475.0,10,45.997174
375.0,9,46.03349
25.0,3,46.046178
1525.0,28,46.154026
-25.0,2,46.161127
125.0,5,46.180661
25.0,3,46.192697
825.0,13,46.240414
-25.0,2,46.247632
125.0,5,46.26793
-25.0,2,46.2753
275.0,8,46.306249
75.0,4,46.320802
475.0,10,46.358057
25.0,3,46.370728
-75.0,1,46.375311
1325.0,23,46.462274
1125.0,19,46.528471
875.0,14,46.580259
175.0,6,46.604601
175.0,6,46.627785
675.0,12,46.67197
75.0,4,46.688761
-25.0,2,46.696209
375.0,9,46.732066
125.0,5,46.750492
375.0,9,46.782096
1525.0,27,47.380149
75.0,4,47.403846
475.0,10,47.450686
125.0,5,47.472933
1075.0,18,47.528041
25.0,3,47.536854
475.0,10,47.563174
-75.0,1,47.566295
1475.0,26,47.637624
925.0,15,47.674728
125.0,5,47.687009
825.0,13,47.718054
375.0,9,47.740529
575.0,11,47.76791
125.0,5,47.783271
1025.0,17,47.828268
275.0,8,47.849441
75.0,4,47.859842
-75.0,1,47.862507
3225.0,49,47.988452
-75.0,1,47.991305
125.0,5,48.004517
175.0,6,48.020219
75.0,4,48.030615
1525.0,27,48.095869
25.0,3,48.103348
2425.0,40,48.199948
75.0,4,48.210493
-25.0,2,48.215746
925.0,15,48.254676
1025.0,17,48.298725
-75.0,1,48.301588
175.0,7,48.319855
25.0,3,48.328112
1525.0,28,48.403087
175.0,7,48.422114
75.0,4,48.435664
125.0,5,48.449012
175.0,6,48.464944
25.0,3,48.473312
1025.0,17,48.518622
175.0,7,48.536817
25.0,3,48.544576
1025.0,17,48.587656
575.0,11,48.616196
1125.0,19,48.668315
2425.0,40,49.119243
125.0,5,49.131274
25.0,3,49.139355
175.0,6,49.156618
25.0,3,49.164641
125.0,5,49.178751
75.0,4,49.191695
-75.0,1,49.194608
975.0,16,49.235227
275.0,8,49.256058
25.0,3,49.264073
-75.0,1,49.266922
-25.0,2,49.272306
275.0,8,49.293303
-25.0,2,49.300371
1225.0,21,49.411536
25.0,3,49.429491
-75.0,1,49.432825
3575.0,56,49.635127
1025.0,17,49.70963
375.0,9,49.758151
75.0,4,49.770052
1375.0,24,49.83495
125.0,5,49.85178
1475.0,26,49.92704
-75.0,1,49.929877
925.0,15,49.970151
975.0,16,50.012396
825.0,13,50.04619
825.0,13,50.080967
125.0,5,50.094616
25.0,3,50.102861
575.0,11,50.130495
675.0,12,50.161838
375.0,9,50.184812
75.0,4,50.195709
475.0,10,50.221521
-25.0,2,50.226774
-25.0,2,50.232018
1725.0,30,50.307836
-75.0,1,50.310883
1125.0,19,50.359064
2425.0,39,50.460924
375.0,9,50.483019
25.0,3,50.490385
75.0,4,50.501512
75.0,4,50.514238
125.0,5,50.527966
925.0,15,50.567326
1125.0,19,50.925975
975.0,16,50.966364
125.0,5,50.979021
125.0,5,50.992549
175.0,6,51.007731
1175.0,20,51.058586
925.0,15,51.097077
1025.0,17,51.140286
275.0,8,51.16156
25.0,3,51.170019
575.0,11,51.19864
575.0,11,51.226105
75.0,4,51.236168
2425.0,40,51.333716
675.0,12,51.364406
25.0,3,51.372133
1175.0,20,51.423081
-25.0,2,51.428678
875.0,14,51.464392
4125.0,67,51.63542
675.0,12,51.666193
1175.0,20,51.71591
975.0,16,51.756291
275.0,8,51.776588
75.0,4,51.786785
1225.0,21,51.841305
1025.0,17,51.884936
1475.0,26,51.953465
175.0,7,51.971473
2625.0,42,52.077504
275.0,8,52.09783
75.0,4,52.108479
75.0,4,52.119074
25.0,3,52.12722
1275.0,22,52.182832
-75.0,1,52.185769
1825.0,31,52.569914
175.0,7,52.589569
825.0,13,52.624425
975.0,16,52.665457
-75.0,1,52.669621
175.0,6,52.686088
975.0,16,52.727326
1925.0,32,52.809778
-75.0,1,52.812632
75.0,4,52.822839
25.0,3,52.830502
175.0,6,52.846205
875.0,14,52.881886
475.0,10,52.907395
1475.0,26,52.974233
1275.0,22,53.03067
675.0,12,53.061255
175.0,7,53.079503
2725.0,43,53.187048
375.0,9,53.210001
375.0,9,53.232159
675.0,12,53.261493
25.0,3,53.268969
175.0,6,53.283839
1075.0,18,53.32703
1225.0,21,53.382477
1125.0,19,53.430677
-25.0,2,53.436501
-25.0,2,53.441862
75.0,4,53.452258
125.0,5,53.465321
175.0,7,53.48358
975.0,16,53.522488
275.0,8,53.542799
275.0,8,53.56727
175.0,7,53.586552
375.0,9,53.610034
-75.0,1,53.613098
825.0,13,53.648055
175.0,6,53.664235
1075.0,18,53.71084
1175.0,20,53.76175
75.0,4,53.772182
75.0,4,53.782855
175.0,7,53.801432
175.0,6,53.81673
275.0,8,54.136798
1525.0,27,54.204053
175.0,7,54.222398
1625.0,29,54.293923
25.0,3,54.302186
675.0,12,54.332509
25.0,3,54.34029
1075.0,18,54.386324
25.0,3,54.394422
175.0,7,54.412477
-75.0,1,54.415445
175.0,6,54.432074
25.0,3,54.440651
1225.0,21,54.493146
125.0,5,54.505654
25.0,3,54.513567
125.0,5,54.527953
675.0,12,54.56003
375.0,9,54.583364
-25.0,2,54.588556
-75.0,1,54.591184
375.0,9,54.614493
2025.0,33,54.699689
-75.0,1,54.702655
675.0,12,54.73441
25.0,3,54.742303
75.0,4,54.752908
1025.0,17,54.794123
975.0,16,54.834506
-75.0,1,54.837175
175.0,6,54.852396
1025.0,17,54.898855
975.0,16,54.939298
675.0,12,54.969865
25.0,3,54.977281
-75.0,1,54.980115
1025.0,17,55.024
-25.0,2,55.029523
1825.0,31,55.106346
-25.0,2,55.111744
825.0,13,55.145176
175.0,6,55.16128
-25.0,2,55.166801
25.0,3,55.174755
475.0,10,55.201618
275.0,8,55.222927
-25.0,2,55.228903
925.0,15,55.267809
-75.0,1,55.270841
125.0,5,55.284004
125.0,5,55.297165
25.0,3,55.305018
1425.0,25,55.368971
275.0,8,55.390664
675.0,12,55.422244
25.0,3,55.430765
275.0,8,55.781409
75.0,4,55.791954
1125.0,19,55.840809
475.0,10,55.866126
675.0,12,55.896514
-75.0,1,55.899441
25.0,3,55.907227
125.0,5,55.920051
2225.0,35,56.014083
275.0,8,56.052522
175.0,6,56.081671
125.0,5,56.111965
475.0,10,56.172939
1325.0,23,56.25207
375.0,9,56.279678
925.0,15,56.318365
675.0,12,56.349159
275.0,8,56.370518
375.0,9,56.394669
175.0,6,56.410827
925.0,15,56.452299
875.0,14,56.489171
3175.0,48,56.607529
125.0,5,56.621013
825.0,13,56.657552
175.0,7,56.675728
25.0,3,56.683397
1475.0,26,56.747712
275.0,8,56.768512
1125.0,19,56.817857
275.0,8,56.839695
1125.0,19,56.886531
75.0,4,56.897116
275.0,8,56.917798
75.0,4,56.928215
475.0,10,56.955449
1025.0,17,57.000376
175.0,6,57.016646
475.0,10,57.043277
925.0,15,57.087066
125.0,5,57.10003
3125.0,47,57.539513
-25.0,2,57.54514
275.0,8,57.56548
575.0,11,57.592767
375.0,9,57.615287
3175.0,48,57.732996
1525.0,27,57.798613
175.0,7,57.816993
-75.0,1,57.819796
125.0,5,57.832322
1425.0,25,57.894111
-75.0,1,57.897065
1325.0,23,57.957265
-25.0,2,57.962831
2625.0,42,58.068214
125.0,5,58.080658
175.0,7,58.09727
-25.0,2,58.102244
275.0,8,58.121493
375.0,9,58.142802
375.0,9,58.165173
825.0,13,58.196798
825.0,13,58.229402
-75.0,1,58.232217
1825.0,31,58.307842
575.0,11,58.334917
1275.0,22,58.396504
2625.0,42,58.502115
1425.0,25,58.561763
-25.0,2,58.567323
-25.0,2,58.572746
575.0,11,58.60117
1125.0,19,58.658103
925.0,15,58.697531
75.0,4,58.708197
925.0,15,58.747561
675.0,12,58.77869
25.0,3,58.78678
3325.0,51,59.21867
175.0,6,59.233968
1475.0,26,59.298811
675.0,12,59.331782
875.0,14,59.370119
75.0,4,59.380747
175.0,7,59.399519
1025.0,17,59.445748
1225.0,21,59.497828
1225.0,21,59.548147
175.0,6,59.564025
-25.0,2,59.569768
275.0,8,59.590198
1075.0,18,59.639199
-25.0,2,59.644263
1525.0,28,59.715107
-75.0,1,59.717878
175.0,6,59.732878
25.0,3,59.74016
125.0,5,59.752428
-75.0,1,59.755405
125.0,5,59.768666
1175.0,20,59.821884
-25.0,2,59.827378
75.0,4,59.838058
175.0,6,59.853307
175.0,7,59.871542
75.0,4,59.881557
1525.0,27,59.95539
2225.0,35,60.041563
1425.0,25,60.10319
175.0,7,60.122056
-75.0,1,60.124799
4025.0,65,60.291726
75.0,4,60.302692
2275.0,36,60.394869
-25.0,2,60.400257
275.0,8,60.421554
2375.0,38,60.836481
3125.0,47,60.959488
-25.0,2,60.96513
275.0,8,60.986312
575.0,11,61.015236
2325.0,37,61.107405
3375.0,52,61.236636
75.0,4,61.249097
2925.0,45,61.361862
975.0,16,61.402275
1525.0,27,61.473969
25.0,3,61.481734
1325.0,23,61.539394
175.0,7,61.55877
1075.0,18,61.605001
1375.0,24,61.668041
1425.0,25,61.729283
-25.0,2,61.734328
-75.0,1,61.737319
-75.0,1,61.740188
175.0,7,61.759535
175.0,6,61.77551
875.0,14,61.811761
1125.0,19,61.85933
275.0,8,61.880533
75.0,4,61.892433
3175.0,48,62.019725
275.0,8,62.04164
75.0,4,62.052616
75.0,4,62.063907
75.0,4,62.074838
1075.0,18,62.496148
2275.0,36,62.586245
975.0,16,62.628198
275.0,8,62.648513
825.0,13,62.681216
75.0,4,62.691799
-75.0,1,62.694763
75.0,4,62.705547
75.0,4,62.716289
1525.0,28,62.787704
475.0,10,62.813691
575.0,11,62.841333
-75.0,1,62.844305
-75.0,1,62.847207
2525.0,41,62.953766
-25.0,2,62.95906
2225.0,35,63.05047
-75.0,1,63.053363
3775.0,60,63.205839
175.0,6,63.221473
875.0,14,63.254547
-75.0,1,63.257133
675.0,12,63.285436
-25.0,2,63.290473
875.0,14,63.323876
1025.0,17,63.365323
75.0,4,63.376297
75.0,4,63.387046
2175.0,34,63.47541
1275.0,22,63.531012
975.0,16,63.571255
-75.0,1,63.574033
-75.0,1,63.576721
475.0,10,63.601137
-25.0,2,63.607179
-75.0,1,63.610264
175.0,6,63.627655
25.0,3,63.637917
675.0,12,63.669091
2275.0,36,63.759684
2275.0,36,64.170435
175.0,6,64.186127
1225.0,21,64.24033
25.0,3,64.247905
-25.0,2,64.252961
-25.0,2,64.257833
-25.0,2,64.262754
1425.0,25,64.323868
3075.0,46,64.434238
75.0,4,64.444669
1525.0,27,64.51132
2175.0,34,64.592621
275.0,8,64.612234
275.0,8,64.633072
175.0,7,64.651305
175.0,6,64.665915
275.0,8,64.68492
875.0,14,64.719262
-75.0,1,64.722023
-25.0,2,64.727529
125.0,5,64.739858
175.0,7,64.757329
75.0,4,64.767744
475.0,10,64.79252
75.0,4,64.802696
-25.0,2,64.807895
975.0,16,64.848073
-25.0,2,64.853082
1075.0,18,64.897712
1475.0,26,64.96453
1325.0,23,65.022328
875.0,14,65.057699
675.0,12,65.089571
275.0,8,65.110283
175.0,6,65.125413
1425.0,25,65.18647
25.0,3,65.194411
25.0,3,65.202045
275.0,8,65.222307
-25.0,2,65.227723
25.0,3,65.23497
675.0,12,65.264042
475.0,10,65.289851
475.0,10,65.315007
3075.0,46,65.746205
25.0,3,65.755198
3725.0,59,65.917806
975.0,16,65.960694
175.0,6,65.976374
1525.0,28,66.049598
175.0,6,66.065663
975.0,16,66.106478
175.0,6,66.121354
975.0,16,66.159603
1925.0,32,66.237716
925.0,15,66.273981
1725.0,30,66.34957
1475.0,26,66.413611
175.0,6,66.429388
2625.0,42,66.533694
25.0,3,66.541852
75.0,4,66.55241
475.0,10,66.577881
375.0,9,66.601361
-25.0,2,66.607246
3425.0,53,66.738361
1925.0,32,66.817236
1175.0,20,66.866285
1425.0,25,66.928041
-25.0,2,66.93361
125.0,5,66.945284
125.0,5,66.957772
925.0,15,67.327702
-25.0,2,67.333741
375.0,9,67.356836
2925.0,45,67.470626
275.0,8,67.492147
3875.0,62,67.650137
-25.0,2,67.655242
175.0,7,67.672163
75.0,4,67.682651
575.0,11,67.710047
675.0,12,67.740274
-25.0,2,67.745687
1275.0,22,67.799611
475.0,10,67.824954
175.0,6,67.840097
825.0,13,67.871182
675.0,12,67.90165
1425.0,25,67.968013
2275.0,36,68.058643
25.0,3,68.066914
2925.0,45,68.18018
925.0,15,68.217053
75.0,4,68.227478
3325.0,51,68.351068
-75.0,1,68.354196
875.0,14,68.394299
125.0,5,68.407227
1825.0,31,68.487996
125.0,5,68.500922
375.0,9,68.524119
3175.0,48,68.97509
3575.0,56,69.115451
675.0,12,69.145078
825.0,13,69.177056
5425.0,93,69.40356
75.0,4,69.413592
475.0,10,69.441837
175.0,7,69.461107
875.0,14,69.497254
825.0,13,69.529758
25.0,3,69.537532
75.0,4,69.54749
-25.0,2,69.552627
75.0,4,69.562593
125.0,5,69.576258
675.0,12,69.607555
25.0,3,69.615979
1325.0,23,69.679802
575.0,11,69.713902
275.0,8,69.733058
25.0,3,69.740784
-75.0,1,69.743603
1275.0,22,69.79906
-75.0,1,69.801953
-75.0,1,69.804523
25.0,3,69.81174
-25.0,2,69.81672
375.0,9,69.839557
75.0,4,69.849644
1175.0,20,69.89649
1225.0,21,69.946584
175.0,7,69.964983
-75.0,1,69.968168
575.0,11,69.997752
125.0,5,70.010411
1025.0,17,70.052613
475.0,10,70.076675
-25.0,2,70.081762
175.0,6,70.096997
-75.0,1,70.099722
975.0,16,70.141132
275.0,8,70.162553
175.0,7,70.181929
875.0,14,70.217746
-25.0,2,70.223741
1725.0,30,70.639841
175.0,7,70.657775
125.0,5,70.67084
825.0,13,70.704277
-75.0,1,70.707107
-25.0,2,70.712161
1725.0,30,70.786095
2425.0,40,70.886121
575.0,11,70.913736
125.0,5,70.928963
3125.0,47,71.062365
3325.0,51,71.194237
1275.0,22,71.255068
1125.0,19,71.310204
25.0,3,71.319267
175.0,7,71.341379
575.0,11,71.373622
925.0,15,71.412842
475.0,10,71.439789
175.0,7,71.459625
1325.0,23,71.52105
1625.0,29,71.598273
1225.0,21,71.656626
175.0,6,71.673049
1225.0,21,71.725043
1275.0,22,71.788172
175.0,6,71.803572
2425.0,40,71.90652
-25.0,2,71.911807
1475.0,26,72.310837
-75.0,1,72.313928
1225.0,21,72.371751
-75.0,1,72.374701
2275.0,36,72.469069
1275.0,22,72.525806
175.0,6,72.541388
175.0,7,72.559777
475.0,10,72.588552
125.0,5,72.611476
2175.0,34,72.771591
75.0,4,72.783205
975.0,16,72.824548
2625.0,42,72.929834
175.0,7,72.947871
825.0,13,72.980558
75.0,4,72.990354
1275.0,22,73.046591
1925.0,32,73.126784
-75.0,1,73.129901
-25.0,2,73.135755
3275.0,50,73.262473
1475.0,26,73.325465
-25.0,2,73.330686
475.0,10,73.359112
2225.0,35,73.451783
-75.0,1,73.454551
3175.0,48,73.575626
-75.0,1,73.578645
475.0,10,73.604615
1525.0,28,73.684461
375.0,9,74.041136
1025.0,17,74.08641
475.0,10,74.112259
4325.0,71,74.315069
-25.0,2,74.322196
575.0,11,74.365763
175.0,6,74.392514
2325.0,37,74.531454
175.0,6,74.563106
175.0,6,74.589547
75.0,4,74.605142
3125.0,47,74.786423
1125.0,19,74.86025
2175.0,34,74.988242
1125.0,19,75.069232
1925.0,32,75.186224
-75.0,1,75.190373
5275.0,90,75.543968
1525.0,28,75.65552
175.0,6,75.677893
125.0,5,75.696111
25.0,3,75.706873
4675.0,78,76.460396
675.0,12,76.505034
1175.0,20,76.587673
175.0,6,76.612212
3125.0,47,76.795298
2525.0,41,76.935687
375.0,9,76.967985
875.0,14,77.016732
175.0,7,77.041741
875.0,14,77.090698
125.0,5,77.107951
2325.0,37,77.234358
675.0,12,77.276991
875.0,14,77.329319
2225.0,35,77.456177
175.0,7,77.483124
2025.0,33,77.602858
25.0,3,77.614306
875.0,14,77.670025
2225.0,35,77.794931
175.0,6,77.817642
925.0,15,77.870355
175.0,7,77.89568
875.0,14,77.945871
75.0,4,77.960012
25.0,3,77.971743
825.0,13,78.019041
475.0,10,78.056707
25.0,3,78.068331
375.0,9,78.101854
1475.0,26,78.196278
1075.0,18,78.672682
75.0,4,78.683672
975.0,16,78.725175
-25.0,2,78.730885
-75.0,1,78.734051
-75.0,1,78.73708
75.0,4,78.747654
175.0,6,78.763632
25.0,3,78.771669
3525.0,55,78.914068
375.0,9,78.937247
1075.0,18,78.982466
2375.0,38,79.079689
25.0,3,79.088006
25.0,3,79.095991
1725.0,30,79.169173
25.0,3,79.176509
1075.0,18,79.221425
2525.0,41,79.320219
2275.0,36,79.408854
75.0,4,79.418856
575.0,11,79.448006
2375.0,38,79.541175
125.0,5,79.554405
1075.0,18,79.601319
25.0,3,79.609627
1025.0,17,79.654275
1325.0,23,79.709674
-75.0,1,79.712383
25.0,3,79.72025
375.0,9,79.74264
125.0,5,79.755258
275.0,8,79.774306
175.0,6,79.789823
3275.0,50,79.912296
1525.0,27,80.282157
3575.0,56,80.426067
2175.0,34,80.514678
3325.0,51,80.643816
4175.0,68,80.814474
1325.0,23,80.872508
1175.0,20,80.920236
25.0,3,80.927841
2425.0,39,81.025855
1525.0,28,81.096101
2725.0,43,81.200394
-75.0,1,81.203024
2375.0,38,81.296177
1275.0,22,81.351505
275.0,8,81.372405
-75.0,1,81.37541
3525.0,55,81.515001
1525.0,28,81.896497
475.0,10,81.922842
2025.0,33,82.008254
475.0,10,82.03386
1925.0,32,82.114774
1475.0,26,82.177738
75.0,4,82.188262
-25.0,2,82.193792
875.0,14,82.227853
175.0,6,82.242828
275.0,8,82.263435
-75.0,1,82.266484
-75.0,1,82.269292
275.0,8,82.288639
1075.0,18,82.333465
-75.0,1,82.336442
25.0,3,82.343895
375.0,9,82.367111
925.0,15,82.404731
-75.0,1,82.407662
175.0,6,82.423261
3675.0,58,82.566032
175.0,7,82.583943
2175.0,34,82.670152
1125.0,19,82.715944
1525.0,28,82.78686
2175.0,34,82.872959
75.0,4,82.882772
375.0,9,82.904132
175.0,7,82.920794
-75.0,1,82.923361
125.0,5,82.936521
675.0,12,82.965174
1525.0,28,83.032959
925.0,15,83.070827
3075.0,46,83.505008
1175.0,20,83.556873
1175.0,20,83.61085
275.0,8,83.632599
25.0,3,83.650847
4175.0,68,83.906088
375.0,9,83.927883
2825.0,44,84.038445
75.0,4,84.04912
275.0,8,84.0692
1175.0,20,84.11946
175.0,6,84.13517
1175.0,20,84.185221
375.0,9,84.208645
2375.0,38,84.304013
-75.0,1,84.306987
1475.0,26,84.372212
1825.0,31,84.44943
1525.0,28,84.51739
925.0,15,84.553101
375.0,9,84.574418
-75.0,1,84.577358
975.0,16,84.618477
2025.0,33,84.700052
2625.0,42,84.801162
3175.0,48,85.220408
825.0,13,85.254457
2025.0,33,85.33889
175.0,6,85.354477
175.0,7,85.372093
825.0,13,85.405981
4175.0,68,85.575758
175.0,7,85.595194
975.0,16,85.637585
1275.0,22,85.692151
825.0,13,85.723321
925.0,15,85.759285
275.0,8,85.778725
-25.0,2,85.784082
25.0,3,85.791769
1425.0,25,85.852576
175.0,6,85.867963
3375.0,52,85.994312
2025.0,33,86.074643
2525.0,41,86.174594
1125.0,19,86.221743
975.0,16,86.261947
575.0,11,86.289784
675.0,12,86.319901
-75.0,1,86.322825
175.0,6,86.33804
475.0,10,86.362931
1125.0,19,86.411984
3275.0,50,86.859152
-25.0,2,86.864639
1625.0,29,86.93916
2225.0,35,87.027721
1025.0,17,87.071703
675.0,12,87.102384
825.0,13,87.135112
1325.0,23,87.191274
825.0,13,87.224078
1225.0,21,87.27523
1275.0,22,87.327588
1225.0,21,87.377874
2825.0,44,87.491798
1475.0,26,87.556255
-75.0,1,87.558922
475.0,10,87.585174
9375.0,160,87.989752
275.0,8,88.010424
1275.0,22,88.394751
2225.0,35,88.485993
1725.0,30,88.56374
175.0,7,88.581483
2525.0,41,88.687209
1825.0,31,88.76661
1175.0,20,88.818678
25.0,3,88.826274
1125.0,19,88.874985
275.0,8,88.895786
375.0,9,88.918389
1025.0,17,88.961679
275.0,8,88.980816
1175.0,20,89.029779
825.0,13,89.062123
75.0,4,89.07182
175.0,7,89.089207
7125.0,121,89.389813
3325.0,51,89.518663
2925.0,45,89.62891
1925.0,32,90.028465
975.0,16,90.07002
375.0,9,90.093621
2325.0,37,90.189565
-25.0,2,90.194932
3775.0,60,90.34698
175.0,6,90.362185
-75.0,1,90.364784
575.0,11,90.393596
2175.0,34,90.482507
4375.0,72,90.666246
2625.0,42,90.767932
2825.0,44,90.878981
1025.0,17,90.924838
1025.0,17,90.968929
575.0,11,90.997512
875.0,14,91.033099
1625.0,29,91.104173
1225.0,21,91.155547
275.0,8,91.176645
925.0,15,91.214575
1725.0,30,91.596779
275.0,8,91.618834
5775.0,99,91.871974
375.0,9,91.895217
2425.0,39,91.990926
675.0,12,92.020474
4025.0,65,92.18186
1025.0,17,92.227563
-25.0,2,92.232898
2025.0,33,92.313447
575.0,11,92.341125
1175.0,20,92.392637
275.0,8,92.413709
2275.0,36,92.504848
675.0,12,92.533179
175.0,6,92.54768
-25.0,2,92.552947
1225.0,21,92.604632
175.0,7,92.62312
3375.0,52,92.751084
3075.0,46,93.17197
875.0,14,93.210326
2425.0,40,93.311784
475.0,10,93.33611
3325.0,51,93.466686
2725.0,43,93.574111
1375.0,24,93.634348
-75.0,1,93.637511
3525.0,55,93.773556
125.0,5,93.785324
75.0,4,93.795077
475.0,10,93.820562
25.0,3,93.828562
2025.0,33,93.908556
125.0,5,93.921591
1125.0,19,93.968701
-75.0,1,93.97176
3475.0,54,94.107165
175.0,7,94.124697
175.0,6,94.140381
575.0,11,94.168431
1425.0,25,94.231045
275.0,8,94.250213
125.0,5,94.26314
975.0,16,94.30372
2925.0,45,94.416024
1225.0,21,94.778714
175.0,7,94.796956
125.0,5,94.810415
25.0,3,94.818406
7625.0,131,95.140782
3625.0,57,95.283577
1025.0,17,95.325041
1275.0,22,95.37749
175.0,6,95.392851
475.0,10,95.418305
125.0,5,95.431214
25.0,3,95.439366
175.0,7,95.457018
25.0,3,95.465274
3225.0,49,95.583904
1025.0,17,95.625584
1825.0,31,95.713365
1925.0,32,95.7911
75.0,4,95.800777
275.0,8,95.820247
975.0,16,95.860113
175.0,7,95.878187
175.0,7,95.895609
925.0,15,95.931316
1125.0,19,95.979493
4325.0,71,96.478786
25.0,3,96.486781
1825.0,31,96.564594
2425.0,39,96.666612
3225.0,49,96.841135
1025.0,17,96.893523
1925.0,32,96.974333
-25.0,2,96.979896
25.0,3,96.987736
25.0,3,96.995648
1025.0,17,97.038939
25.0,3,97.046873
3275.0,50,97.165936
-75.0,1,97.16866
-25.0,2,97.173931
2425.0,40,97.276127
975.0,16,97.316437
1475.0,26,97.380298
575.0,11,97.406353
25.0,3,97.41419
925.0,15,97.452608
-75.0,1,97.455671
1125.0,19,97.502771
375.0,9,97.523994
1825.0,31,97.597775
25.0,3,97.605113
475.0,10,97.630077
3175.0,48,98.036839
1125.0,19,98.085276
-75.0,1,98.088195
3625.0,57,98.232409
575.0,11,98.260731
2425.0,39,98.360522
575.0,11,98.38876
275.0,8,98.409657
1625.0,29,98.484852
75.0,4,98.495157
25.0,3,98.502643
-75.0,1,98.505269
3975.0,64,98.663209
925.0,15,98.70087
-75.0,1,98.703832
5275.0,90,98.928149
75.0,4,98.938319
175.0,6,98.954383
1275.0,22,99.009023
-25.0,2,99.014738
1275.0,22,99.070493
2225.0,35,99.156897
2425.0,39,99.254854
1225.0,21,99.634477
375.0,9,99.659558
1625.0,29,99.740247
3175.0,48,99.86774
2925.0,45,99.98438
1475.0,26,100.050111
925.0,15,100.088195
1625.0,29,100.160872
-25.0,2,100.165815
275.0,8,100.18602
175.0,7,100.203843
2225.0,35,100.291377
375.0,9,100.312998
75.0,4,100.323434
25.0,3,100.330839
3875.0,62,100.484849
275.0,8,100.504395
1525.0,28,100.574296
25.0,3,100.581981
3375.0,52,100.712935
125.0,5,100.72615
1825.0,31,100.806184
475.0,10,100.831231
125.0,5,100.84329
575.0,11,100.872678
25.0,3,100.880586
25.0,3,100.888396
375.0,9,100.911086
1925.0,32,101.319122
825.0,13,101.353387
2925.0,45,101.479531
825.0,13,101.51542
3225.0,49,101.650147
3325.0,51,101.776935
2225.0,35,101.863065
1625.0,29,101.93769
1425.0,25,101.999918
975.0,16,102.041685
3775.0,60,102.190181
175.0,7,102.207822
3625.0,57,102.349514
1525.0,27,102.416175
75.0,4,102.426159
125.0,5,102.442303
175.0,6,102.458881
175.0,7,102.477879
1125.0,19,102.526664
75.0,4,102.536738
1725.0,30,102.931012
675.0,12,102.964916
1525.0,27,103.037478
1375.0,24,103.102807
-25.0,2,103.108429
1225.0,21,103.161993
175.0,6,103.177852
1925.0,32,103.264999
125.0,5,103.278486
2525.0,41,103.378512
1425.0,25,103.441414
175.0,7,103.459596
1475.0,26,103.523984
-75.0,1,103.526904
3125.0,47,103.642976
3175.0,48,103.765924
925.0,15,103.803875
2625.0,42,103.909496
675.0,12,103.938581
5575.0,96,104.176075
1425.0,25,104.555614
825.0,13,104.590308
1325.0,23,104.652558
1025.0,17,104.697621
175.0,7,104.715847
1825.0,31,104.797855
1175.0,20,104.8481
75.0,4,104.859192
-75.0,1,104.862189
1325.0,23,104.919819
1825.0,31,104.995646
1525.0,28,105.065298
2275.0,36,105.154171
375.0,9,105.176362
2275.0,36,105.265695
1525.0,27,105.334028
1175.0,20,105.382269
-75.0,1,105.385199
875.0,14,105.422155
-25.0,2,105.427967
3175.0,48,105.553061
-25.0,2,105.558499
1825.0,31,105.637777
2175.0,34,105.724161
4425.0,73,106.285226
375.0,9,106.308289
75.0,4,106.318859
3525.0,55,106.459856
2625.0,42,106.563269
2375.0,38,106.656957
125.0,5,106.669644
675.0,12,106.69938
575.0,11,106.72694
5425.0,93,106.957534
1625.0,29,107.028156
2525.0,41,107.127621
1375.0,24,107.185895
175.0,7,107.203863
4225.0,69,107.372082
1425.0,25,107.433811
1225.0,21,107.796408
3475.0,54,107.935331
975.0,16,107.976367
175.0,6,107.992084
275.0,8,108.012378
175.0,6,108.028125
6275.0,104,108.288022
575.0,11,108.316127
1125.0,19,108.361693
175.0,7,108.379435
25.0,3,108.38738
175.0,6,108.401935
575.0,11,108.429246
2025.0,33,108.510256
2225.0,35,108.597367
4075.0,66,108.763357
-25.0,2,108.768793
2425.0,40,108.868224
1125.0,19,108.917496
1075.0,18,108.963317
3475.0,54,109.451686
175.0,6,109.467364
5075.0,86,109.686673
1625.0,29,109.757489
1275.0,22,109.812058
1175.0,20,109.862718
375.0,9,109.884843
275.0,8,109.90451
125.0,5,109.916609
75.0,4,109.926394
3075.0,46,110.038523
1075.0,18,110.084985
175.0,6,110.099985
3225.0,49,110.219847
-75.0,1,110.222849
1475.0,26,110.290548
1175.0,20,110.341237
275.0,8,110.361364
1275.0,22,110.418813
175.0,6,110.434446
5275.0,90,110.661123
1125.0,19,111.029162
1175.0,20,111.08041
675.0,12,111.111166
2375.0,38,111.210742
175.0,7,111.228929
975.0,16,111.27081
25.0,3,111.27916
7975.0,136,111.630294
3575.0,56,111.76748
575.0,11,111.793399
3175.0,48,111.91513
2725.0,43,112.02356
1525.0,27,112.09379
4275.0,70,112.270495
1275.0,22,112.634963
1025.0,17,112.685872
-25.0,2,112.69158
-75.0,1,112.694524
1475.0,26,112.756576
575.0,11,112.783594
125.0,5,112.796761
975.0,16,112.83856
275.0,8,112.85938
275.0,8,112.879509
2025.0,33,112.962286
475.0,10,112.987696
6925.0,117,113.274192
3125.0,47,113.391207
1475.0,26,113.458822
2925.0,45,113.575203
25.0,3,113.582795
1325.0,23,113.642468
2175.0,34,113.728826
-25.0,2,113.733934
2825.0,44,113.842585
1375.0,24,113.903495
5675.0,98,114.47259
75.0,4,114.483373
4975.0,84,114.697935
3675.0,58,114.83746
3375.0,52,114.967822
2025.0,33,115.053029
175.0,6,115.06847
3075.0,46,115.18593
25.0,3,115.193711
375.0,9,115.216806
475.0,10,115.244654
75.0,4,115.254877
1125.0,19,115.303445
1525.0,28,115.374788
1225.0,21,115.427711
575.0,11,115.456795
1275.0,22,115.512684
2925.0,45,115.937116
2025.0,33,116.024482
1225.0,21,116.079621
3675.0,58,116.227415
3475.0,54,116.362792
1825.0,31,116.440225
25.0,3,116.448658
3725.0,59,116.629106
75.0,4,116.643778
825.0,13,116.688105
1025.0,17,116.735466
175.0,6,116.751638
2625.0,42,116.855475
3325.0,51,116.985104
2825.0,44,117.100674
275.0,8,117.1214
75.0,4,117.131819
675.0,12,117.162993
3675.0,58,117.647135
825.0,13,117.680256
1525.0,27,117.747291
3725.0,59,117.891055
1425.0,25,117.954983
1425.0,25,118.016413
175.0,7,118.035356
5025.0,85,118.24668
5325.0,91,118.472136
1225.0,21,118.522684
5525.0,95,118.754977
875.0,14,118.789034
1375.0,24,119.155297
4075.0,66,119.313546
2525.0,41,119.413007
3225.0,49,119.535763
25.0,3,119.543805
125.0,5,119.556792
1025.0,17,119.599475
1275.0,22,119.65631
2275.0,36,119.749646
2275.0,36,119.837942
825.0,13,119.870252
2425.0,39,119.966371
125.0,5,119.9787
375.0,9,120.000783
1475.0,26,120.063853
175.0,7,120.080561
2525.0,41,120.180999
1525.0,27,120.246264
1125.0,19,120.293491
-25.0,2,120.298985
275.0,8,120.31919
-75.0,1,120.321982
-25.0,2,120.327411
3475.0,54,120.778809
125.0,5,120.791059
-75.0,1,120.793879
2425.0,39,120.895799
3075.0,46,121.016432
1125.0,19,121.066309
125.0,5,121.07974
175.0,6,121.096192
1075.0,18,121.141639
675.0,12,121.171676
1525.0,27,121.23884
175.0,7,121.25682
1525.0,27,121.325691
75.0,4,121.335734
3925.0,63,121.496044
3325.0,51,121.619313
125.0,5,121.632126
1525.0,28,121.706493
475.0,10,121.730781
7725.0,132,122.348656
3675.0,58,122.492219
-75.0,1,122.495375
6275.0,104,122.750447
975.0,16,122.790717
13725.0,242,123.378122
2275.0,36,123.467797
1625.0,29,123.538395
-75.0,1,123.541164
-75.0,1,123.543807
2375.0,38,123.948138
75.0,4,123.958418
2925.0,45,124.069242
1025.0,17,124.110588
175.0,7,124.128935
575.0,11,124.156437
675.0,12,124.186813
1375.0,24,124.245453
1475.0,26,124.309013
175.0,7,124.325597
125.0,5,124.338969
2525.0,41,124.441717
5775.0,99,124.69611
3325.0,51,124.821427
-25.0,2,124.826783
3575.0,56,124.96729
1375.0,24,125.026281
1725.0,30,125.101512
1375.0,24,125.473316
675.0,12,125.507731
975.0,16,125.549695
875.0,14,125.582981
2375.0,38,125.676603
275.0,8,125.701535
4375.0,72,125.883518
25.0,3,125.891082
3525.0,55,126.025038
175.0,7,126.04411
675.0,12,126.079099
75.0,4,126.0899
1025.0,17,126.134226
1125.0,19,126.183288
475.0,10,126.2085
875.0,14,126.242837
2275.0,36,126.331818
5125.0,87,126.54354
5775.0,99,127.105317
-25.0,2,127.110797
2425.0,40,127.212812
4225.0,69,127.411922
5575.0,97,127.726018
3475.0,54,127.866788
-75.0,1,127.869894
1525.0,27,127.940635
1375.0,24,128.005409
675.0,12,128.037024
75.0,4,128.047677
1425.0,25,128.110102
3425.0,53,128.239423
125.0,5,128.251923
7325.0,125,128.894143
2725.0,43,129.002508
6375.0,106,129.269057
925.0,15,129.307317
-75.0,1,129.310366
125.0,5,129.322885
175.0,6,129.338058
675.0,12,129.369055
1375.0,24,129.43078
1425.0,25,129.497566
875.0,14,129.534983
10575.0,184,130.000577
3475.0,54,130.437838
475.0,10,130.466022
4925.0,83,130.679435
1175.0,20,130.730411
5575.0,96,130.968477
825.0,13,131.004075
1725.0,30,131.08124
2525.0,41,131.188483
1075.0,18,131.237516
1475.0,26,131.303025
1525.0,27,131.369699
1625.0,29,131.445271
2725.0,43,131.568575
1475.0,26,131.634645
-75.0,1,131.637513
575.0,11,131.666526
1175.0,20,132.035778
75.0,4,132.046851
1425.0,25,132.108317
575.0,11,132.136306
2625.0,42,132.238804
1025.0,17,132.281107
1475.0,26,132.346482
2025.0,33,132.424872
6075.0,102,132.683315
1625.0,29,132.757567
7525.0,130,133.094862
3675.0,58,133.237648
1225.0,21,133.291305
925.0,15,133.648481
2525.0,41,133.754859
575.0,11,133.783727
3775.0,60,133.933751
4625.0,77,134.128997
2225.0,35,134.213655
-75.0,1,134.216488
4575.0,76,134.413478
1425.0,25,134.47851
825.0,13,134.510236
375.0,9,134.533236
1325.0,23,134.587894
-75.0,1,134.5905
2425.0,39,134.686288
11225.0,197,135.487883
1625.0,29,135.561591
475.0,10,135.587045
6775.0,114,135.871178
3325.0,51,136.004889
1525.0,27,136.074967
2175.0,34,136.16224
4725.0,79,136.357764
-75.0,1,136.360468
2225.0,35,136.448849
3375.0,52,136.898977
1125.0,19,136.947711
475.0,10,136.972085
875.0,14,137.006366
475.0,10,137.030155
575.0,11,137.056564
1175.0,20,137.104969
1525.0,28,137.172376
4075.0,66,137.333608
2725.0,43,137.440812
3875.0,62,137.605959
7925.0,134,137.949046
175.0,6,137.964132
5075.0,86,138.574773
6675.0,112,138.853059
-75.0,1,138.855808
2225.0,35,138.945662
575.0,11,138.97292
275.0,8,138.993611
5325.0,91,139.216626
7625.0,131,139.536582
1275.0,22,139.589848
2275.0,36,139.680646
1125.0,19,139.728094
10275.0,178,140.453876
25.0,3,140.462361
5225.0,89,140.682564
4375.0,72,140.858926
1125.0,19,140.906899
825.0,13,140.939869
475.0,10,140.965352
2425.0,40,141.065513
3825.0,61,141.215826
75.0,4,141.226249
4025.0,65,141.677969
1375.0,24,141.736645
9675.0,166,142.141452
4225.0,69,142.310686
3525.0,55,142.449171
1625.0,29,142.523438
3325.0,51,142.65375
3675.0,58,142.79999
3775.0,60,143.263236
475.0,10,143.288614
2325.0,37,143.385242
125.0,5,143.398293
-75.0,1,143.401185
-75.0,1,143.404251
2725.0,43,143.512136
1325.0,23,143.570256
1725.0,30,143.647146
1225.0,21,143.699249
1825.0,31,143.775377
4825.0,81,143.972508
975.0,16,144.012707
7875.0,133,144.339145
2175.0,34,144.420585
5275.0,90,144.967112
575.0,11,144.994281
3825.0,61,145.146175
1075.0,18,145.192307
1925.0,32,145.273536
1825.0,31,145.351736
9975.0,172,145.778963
3225.0,49,145.89874
3725.0,59,146.04454
2025.0,33,146.428282
3925.0,63,146.587199
125.0,5,146.600077
5275.0,90,146.822243
2225.0,35,146.90935
5575.0,96,147.151711
6725.0,113,147.435194
1825.0,31,147.516788
10625.0,185,148.278872
75.0,4,148.28978
3075.0,46,148.407024
-25.0,2,148.412457
4475.0,74,148.598289
1325.0,23,148.701556
8175.0,138,149.083134
7975.0,136,149.728248
3325.0,51,149.852908
3775.0,60,150.00507
3175.0,48,150.126056
475.0,10,150.155081
1825.0,31,150.231819
4875.0,82,150.440069
1275.0,22,150.498002
1075.0,18,150.542099
75.0,4,150.553069
25.0,3,150.561467
3575.0,56,150.704357
1925.0,32,150.788179
11575.0,204,151.633622
3725.0,59,151.784035
3275.0,50,151.909662
7875.0,133,152.238424
975.0,16,152.277309
375.0,9,152.301567
3375.0,52,152.432678
3725.0,59,152.922064
1325.0,23,152.979721
3875.0,62,153.130616
4525.0,75,153.312974
-75.0,1,153.315939
9675.0,166,153.7333
4425.0,73,153.910995
3075.0,46,154.02436
675.0,12,154.055354
925.0,15,154.09463
2425.0,39,154.524566
13025.0,233,155.107943
575.0,11,155.136053
4375.0,72,155.315231
4175.0,68,155.484657
4225.0,69,155.662795
1125.0,19,155.712255
4825.0,81,156.258635
375.0,9,156.280818
1125.0,19,156.329917
3325.0,51,156.462388
1525.0,27,156.532562
675.0,12,156.562247
1625.0,29,156.63347
5425.0,93,156.866813
75.0,4,156.876642
4275.0,70,157.05116
4875.0,82,157.261867
925.0,15,157.300569
4475.0,74,157.815366
-75.0,1,157.818376
175.0,6,157.833021
2025.0,33,157.913404
1425.0,25,157.976037
1525.0,27,158.042698
1175.0,20,158.091047
-25.0,2,158.096102
1375.0,24,158.155472
1275.0,22,158.210672
175.0,6,158.225731
5225.0,89,158.445766
7975.0,135,158.776997
-75.0,1,158.779579
175.0,7,158.796272
5175.0,88,159.014525
2275.0,36,159.43669
19675.0,328,160.301945
1725.0,30,160.378671
6675.0,112,160.658562
3625.0,57,161.128971
575.0,11,161.155961
2525.0,41,161.25723
925.0,15,161.293726
925.0,15,161.331234
5025.0,85,161.549886
3775.0,60,161.716182
10325.0,179,162.158095
1175.0,20,162.209464
3075.0,46,162.644331
9725.0,167,163.068549
975.0,16,163.111408
9275.0,158,163.511258
3925.0,63,163.66636
925.0,15,163.711931
3725.0,59,163.86117
2425.0,40,164.263585
575.0,11,164.29041
3775.0,60,164.453823
5575.0,96,164.69606
3475.0,54,164.830386
13125.0,235,165.412469
7975.0,136,166.093616
375.0,9,166.115295
4125.0,67,166.279807
1325.0,23,166.338167
5475.0,94,166.577665
-25.0,2,166.583353
1025.0,17,166.625375
6275.0,104,166.889404
1525.0,28,166.960178
175.0,6,166.976434
1275.0,22,167.033786
1525.0,27,167.101012
9975.0,172,167.901907
-75.0,1,167.90506
175.0,7,167.923183
1825.0,31,168.004866
2725.0,43,168.111269
175.0,7,168.128821
1275.0,22,168.184718
5175.0,88,168.403105
4225.0,69,168.57743
175.0,6,168.594475
8675.0,146,169.289412
575.0,11,169.319935
7325.0,125,169.657614
875.0,14,169.693828
6525.0,109,169.9662
10725.0,187,170.432775
1275.0,22,170.823115
9825.0,169,171.2425
1275.0,22,171.296425
275.0,8,171.315744
-25.0,2,171.32078
3325.0,51,171.447891
475.0,10,171.480672
7425.0,127,171.806142
2625.0,42,171.910804
1425.0,25,171.972665
14925.0,260,172.937624
12325.0,219,173.463476
4675.0,78,173.96411
11675.0,206,174.466639
25.0,3,174.475246
5175.0,88,174.689011
4975.0,84,174.896429
-25.0,2,174.901385
1225.0,21,174.95192
3175.0,48,175.070011
2325.0,37,175.158967
5975.0,101,175.721362
175.0,6,175.736406
1025.0,17,175.779304
6325.0,105,176.032948
4725.0,79,176.222744
4225.0,69,176.391275
12675.0,226,177.264922
975.0,16,177.305873
2375.0,38,177.399169
-75.0,1,177.402121
5225.0,89,177.623993
4575.0,76,177.810881
6075.0,102,178.054683
1525.0,27,178.120671
12925.0,231,179.036132
3975.0,64,179.268537
7375.0,126,179.583055
1325.0,23,179.640123
175.0,7,179.6586
4725.0,79,179.855863
3425.0,53,179.985066
4125.0,67,180.470949
825.0,13,180.505315
3525.0,55,180.650587
5075.0,86,180.869267
1825.0,31,180.946737
4775.0,80,181.143622
2225.0,35,181.230716
2175.0,34,181.321475
3325.0,51,181.449116
8525.0,143,182.124121
13025.0,233,182.704437
12475.0,222,183.577661
5875.0,100,183.835424
1525.0,28,183.908492
125.0,5,183.921512
14875.0,259,184.56878
575.0,11,184.596717
21175.0,352,185.806548
1625.0,29,185.88076
5125.0,87,186.110716
7725.0,132,186.455795
1325.0,23,186.840724
11375.0,200,187.363681
33325.0,576,189.248166
3575.0,56,189.388451
5425.0,93,189.62468
3325.0,51,189.751275
125.0,5,189.764978
3675.0,58,190.225217
12475.0,222,190.790414
4275.0,70,190.963736
17825.0,303,192.062757
14475.0,251,192.699097
1125.0,19,192.745668
10175.0,176,193.508518
10625.0,185,193.983717
2375.0,38,194.084556
4675.0,78,194.27756
10225.0,177,195.047722
7075.0,120,195.353089
3425.0,53,195.488481
3075.0,46,195.602772
12325.0,219,196.148477
5425.0,93,196.689771
175.0,6,196.705663
3525.0,55,196.849453
28125.0,461,198.329154
1025.0,17,198.373767
3575.0,56,198.519748
875.0,14,198.557188
1075.0,18,198.604087
1325.0,23,198.664224
125.0,5,198.677247
4975.0,84,198.890971
7275.0,124,199.205784
6075.0,102,199.566078
8775.0,148,200.273586
4125.0,67,200.448233
925.0,15,200.488991
175.0,6,200.50545
6725.0,113,200.790412
10275.0,178,201.238764
1175.0,20,201.288921
575.0,11,201.638498
3575.0,56,201.785851
16625.0,281,202.497499
4575.0,76,202.691255
4075.0,66,202.851241
12975.0,232,203.771454
1725.0,30,203.846319
11275.0,198,204.336143
15025.0,262,205.291517
3175.0,48,205.409944
29775.0,510,206.99415
675.0,12,207.024155
14925.0,260,207.658875
7525.0,130,208.277544
20425.0,337,209.10904
1375.0,24,209.165957
7975.0,136,209.786815
275.0,8,209.807278
4375.0,72,210.05951
9275.0,158,210.443888
4375.0,72,210.626811
3125.0,47,210.743333
1075.0,18,210.788367
1025.0,17,210.830612
15325.0,265,211.81237
1725.0,30,211.887023
5575.0,96,212.121469
4575.0,76,212.311258
1925.0,32,212.392775
2175.0,34,212.810573
1825.0,31,212.890475
3575.0,56,213.032799
3725.0,59,213.180085
825.0,13,213.213323
6875.0,116,213.505038
4425.0,73,213.687048
29475.0,504,215.249496
6875.0,116,215.534567
9525.0,163,216.259597
25075.0,412,217.637757
1075.0,18,217.687
6375.0,106,217.959759
3925.0,63,218.128038
6275.0,104,218.398305
925.0,15,218.436508
1375.0,24,218.499238
9625.0,165,218.916867
1825.0,31,219.29816
7075.0,120,219.632271
5975.0,101,219.933835
9925.0,171,220.361028
3525.0,55,220.498962
2275.0,36,220.913893
2025.0,33,220.996539
12675.0,226,221.583607
5675.0,98,221.836302
13925.0,244,222.785181
12575.0,224,223.354072
175.0,6,223.369089
9675.0,166,223.780622
22125.0,367,225.040316
7975.0,136,225.373661
4025.0,65,225.863126
11525.0,203,226.372259
11175.0,196,226.868016
3175.0,48,226.985981
19875.0,332,228.16386
24375.0,402,229.579972
43825.0,766,231.843505
7225.0,123,232.466516
8325.0,139,232.812945
4675.0,78,233.012499
6775.0,114,233.300474
3775.0,60,233.452173
11125.0,195,234.277909
6725.0,113,234.563622
3625.0,57,234.722885
12875.0,230,235.62342
48575.0,897,238.208415
12425.0,221,239.10251
5525.0,95,239.3488
2325.0,37,239.438507
1175.0,20,239.48994
8175.0,138,239.824402
10175.0,176,240.544693
1625.0,29,240.618417
5475.0,94,240.852915
125.0,5,240.86684
3525.0,55,241.002827
2375.0,38,241.100045
21325.0,355,242.286811
11025.0,193,242.772671
25375.0,418,244.118589
6375.0,106,244.382123
175.0,6,244.397687
17275.0,293,245.427882
13125.0,235,246.00617
975.0,16,246.047053
24125.0,397,247.346626
28625.0,489,248.854832
2175.0,34,248.937159
11675.0,206,249.511153
9775.0,168,250.256176
4075.0,66,250.420046
11275.0,198,250.911253
6975.0,118,251.206328
30625.0,527,253.157117
3625.0,57,253.298557
25425.0,419,254.350013
-25.0,2,254.355741
48225.0,860,257.147315
16475.0,278,258.163438
45775.0,799,260.555083
16625.0,282,261.573865
1225.0,21,261.627714
1925.0,32,261.709297
1525.0,27,261.776181
825.0,13,261.807676
7725.0,132,262.129408
1525.0,27,262.196677
44775.0,785,264.750824
18375.0,310,265.51217
6425.0,107,266.084944
7175.0,122,266.386885
21375.0,356,267.577616
7475.0,128,267.899625
6675.0,112,268.179871
15975.0,272,269.183181
1275.0,22,269.240592
11975.0,212,269.774013
3275.0,50,269.896991
4575.0,76,270.08362
4825.0,81,270.281363
7375.0,126,270.905679
16375.0,276,271.683921
2175.0,34,271.766578
21575.0,360,272.966427
1925.0,32,273.045887
16325.0,275,274.043772
26125.0,429,275.116975
6275.0,104,275.688068
2225.0,35,275.778057
8625.0,145,276.138296
6425.0,107,276.403448
35575.0,613,278.242921
2025.0,33,278.323416
7125.0,121,278.919044
24525.0,405,279.937346
3225.0,49,280.364355
64975.0,1175,284.212086
20275.0,336,285.384213
31025.0,535,287.082484
8075.0,137,287.426055
6425.0,107,287.705392
34925.0,600,289.533995
35875.0,631,291.463985
62225.0,1131,295.281739
7425.0,127,295.594831
18075.0,306,296.356058
18475.0,312,297.522181
14375.0,249,298.473066
19575.0,326,299.294158
26875.0,436,300.713592
23075.0,381,301.990937
19775.0,330,302.828366
24475.0,404,304.144079
45375.0,795,306.808993
5225.0,89,307.025949
95475.0,1716,312.218694
28475.0,468,313.709106
29975.0,514,315.27383
97825.0,1754,321.133518
32575.0,565,322.852436
7725.0,132,323.181634
11575.0,204,323.696218
25425.0,420,325.074975
9825.0,169,325.799325
9775.0,168,326.209456
47625.0,848,329.007051
104375.0,1892,334.720828
25525.0,421,336.068802
4075.0,66,336.234059
26425.0,432,337.624313
52125.0,968,340.808631
95225.0,1711,346.164272
10825.0,189,346.956758
6525.0,109,347.228884
28925.0,477,348.754508
9325.0,159,349.171223
5875.0,100,349.436976
86375.0,1539,354.526661
36875.0,651,356.796527
24125.0,397,357.872675
49475.0,915,360.828641
136175.0,2457,368.667447
80325.0,1434,373.251664
35175.0,605,375.071214
20175.0,335,376.208525
17075.0,289,376.931633
54625.0,1004,380.050622
48175.0,859,382.810187
70875.0,1260,386.615695
24125.0,397,387.909825
28975.0,478,389.403177
875.0,14,389.437791
90075.0,1600,394.413453
13375.0,237,395.285525
187275.0,3544,406.34569
260350.0,4909,421.571403
145675.0,2703,429.958698
8175.0,138,430.611378
64725.0,1170,434.263621
10675.0,186,434.732583
3475.0,54,434.867198
88425.0,1574,439.826008
81925.0,1471,444.630054
200025.0,3781,456.47375
28575.0,488,457.965701
1475.0,26,458.030038
121625.0,2196,464.85956
38225.0,672,466.874654
112575.0,2036,473.293589
72725.0,1282,477.509111
260350.0,4909,492.814041
170525.0,3209,503.156817
260350.0,4909,518.299646
181925.0,3445,529.278874
260350.0,4909,544.823839
134675.0,2438,552.306779
57075.0,1041,555.508455
260350.0,4909,571.003746
126125.0,2273,577.909376
243275.0,4592,592.507352
260350.0,4909,607.90554
260350.0,4909,623.477165
35625.0,614,625.292663
20575.0,340,626.128957
93625.0,1673,631.596611
226925.0,4301,644.765404
260350.0,4909,659.228564
103275.0,1871,663.09621
79975.0,1410,666.26727
67675.0,1217,668.837427
260350.0,4909,679.576463
203525.0,3859,689.710505
260350.0,4909,699.708391
24725.0,408,700.58604
6275.0,104,700.759621
24375.0,402,701.641964
260350.0,4909,712.147367
260350.0,4909,722.130641
29675.0,508,723.177543
208025.0,3945,731.407711
137325.0,2504,736.529992
260350.0,4909,746.696494
260350.0,4909,757.099743
260350.0,4909,767.180228
260350.0,4909,777.530826
260350.0,4909,787.780203
260350.0,4909,797.722831
10525.0,183,798.236809
137825.0,2523,803.576818
177125.0,3368,810.403677
10525.0,183,810.716045
260350.0,4909,820.9586
260350.0,4909,831.276701
260350.0,4909,841.184721
260350.0,4909,851.374022
